user_id,year_month,total_spending,total_income,savings_rate,monthly_avg_transaction_amount,recurring_expense_total,cash_vs_digital_ratio,top_merchants,top_merchants_spend,income_3m_std,income_3m_cv
user_001_v1,2025-10,62760,85000,0.2616470588235294,8208.888888888889,25609,0.0,"['Landlord', 'Makemytrip', 'Myntra', 'Mutual Fund', 'Restaurant']","[16925, 9590, 7334, 5641, 4739]",0.0,0.0
user_001_v1,2025-11,50788,85000,0.40249411764705884,11315.666666666666,50788,0.013093644167913681,"['Landlord', 'Investment Vendor', 'Mutual Fund', 'Transport Vendor', 'Electricity Board']","[21937, 18321, 5310, 1791, 1472]",0.0,0.0
user_001_v1,2025-12,67905,85000,0.20111764705882354,15290.5,67905,0.0,"['Landlord', 'Mutual Fund', 'Shopping Vendor', 'Electricity Board', 'Health Vendor']","[34163, 12776, 10981, 3429, 2243]",0.0,0.0
user_001_v1,2026-01,51389,85000,0.39542352941176473,11365.75,51389,0.003930802311778786,"['Landlord', 'Travel Vendor', 'Mutual Fund', 'Shopping Vendor', 'Electricity Board']","[24134, 11419, 8287, 4703, 963]",0.0,0.0
user_001_v1,2026-02,70647,85000,0.16885882352941176,9727.9375,70647,0.0,"['Shopping Vendor', 'Landlord', 'Travel Vendor', 'Entertainment Vendor', 'Mutual Fund']","[18152, 17064, 12475, 8672, 7145]",0.0,0.0
user_001_v1,2026-03,60377,85000,0.28968235294117645,13216.09090909091,60377,0.05965847922222038,"['Landlord', 'Mutual Fund', 'Shopping Vendor', 'Entertainment Vendor', 'Food Vendor']","[31837, 11353, 9754, 3602, 1491]",0.0,0.0
user_001_v1,2026-04,50345,85000,0.4077058823529412,9023.0,50345,0.021392392491806536,"['Landlord', 'Shopping Vendor', 'Travel Vendor', 'Mutual Fund', 'Food Vendor']","[15771, 13220, 8903, 7547, 1911]",0.0,0.0
user_001_v1,2026-05,77683,85000,0.08608235294117647,12514.076923076924,77683,0.0,"['Landlord', 'Investment Vendor', 'Mutual Fund', 'Food Vendor', 'Electricity Board']","[29429, 25594, 11994, 3162, 2421]",0.0,0.0
user_001_v1,2026-06,52542,85000,0.38185882352941175,17192.75,52542,0.0,"['Landlord', 'Mutual Fund', 'Investment Vendor', 'Electricity Board', 'Health Vendor']","[32286, 9675, 8003, 1570, 400]",0.0,0.0
user_001_v1,2026-07,50219,85000,0.40918823529411763,8451.1875,50219,0.118919134192238,"['Landlord', 'Mutual Fund', 'Shopping Vendor', 'Food Vendor', 'Travel Vendor']","[16718, 7913, 6985, 6907, 5870]",0.0,0.0
user_001_v1,2026-08,71818,85000,0.15508235294117648,14256.181818181818,71818,0.09932050460887243,"['Landlord', 'Travel Vendor', 'Mutual Fund', 'Electricity Board', 'Entertainment Vendor']","[26820, 15593, 10833, 6038, 5307]",0.0,0.0
user_001_v10,2025-10,62760,85000,0.2616470588235294,8208.888888888889,25609,0.0,"['Landlord', 'Makemytrip', 'Myntra', 'Mutual Fund', 'Restaurant']","[16925, 9590, 7334, 5641, 4739]",0.0,0.0
user_001_v10,2025-11,71843,85000,0.15478823529411764,6535.125,71843,0.032278718873098286,"['Investment Vendor', 'Subscriptions Vendor', 'Landlord', 'Shopping Vendor', 'Mutual Fund']","[15515, 13602, 13571, 9216, 3499]",0.0,0.0
user_001_v10,2025-12,52162,85000,0.38632941176470587,7620.111111111111,52162,0.0,"['Landlord', 'Travel Vendor', 'Subscriptions Vendor', 'Mutual Fund', 'Food Vendor']","[26726, 7754, 7336, 4778, 1505]",0.0,0.0
user_001_v10,2026-01,76342,85000,0.10185882352941177,8491.684210526315,76342,0.022595687825836368,"['Landlord', 'Travel Vendor', 'Mutual Fund', 'Subscriptions Vendor', 'Shopping Vendor']","[25005, 13662, 9111, 6476, 6319]",0.0,0.0
user_001_v10,2026-02,76791,85000,0.09657647058823529,8089.55,76791,0.0739279342631298,"['Landlord', 'Subscriptions Vendor', 'Mutual Fund', 'Shopping Vendor', 'Other Vendor']","[24913, 20799, 10132, 6904, 3796]",0.0,0.0
user_001_v10,2026-03,46422,85000,0.45385882352941176,11947.454545454546,46422,0.0,"['Landlord', 'Subscriptions Vendor', 'Mutual Fund', 'Electricity Board', 'Transport Vendor']","[19520, 10285, 9088, 4615, 1008]",0.0,0.0
user_001_v10,2026-04,58986,85000,0.3060470588235294,7999.222222222223,58986,0.0,"['Landlord', 'Shopping Vendor', 'Mutual Fund', 'Subscriptions Vendor', 'Investment Vendor']","[15695, 9949, 8794, 7019, 4658]",0.0,0.0
user_001_v10,2026-05,75861,85000,0.10751764705882352,7311.863636363636,75861,0.05558851056537615,"['Landlord', 'Mutual Fund', 'Subscriptions Vendor', 'Travel Vendor', 'Entertainment Vendor']","[31710, 12746, 11827, 6519, 3784]",0.0,0.0
user_001_v10,2026-06,64824,85000,0.23736470588235295,9988.266666666666,64824,0.04276194002221399,"['Landlord', 'Health Vendor', 'Mutual Fund', 'Entertainment Vendor', 'Food Vendor']","[28454, 7922, 7099, 4375, 3632]",0.0,0.0
user_001_v10,2026-07,69528,85000,0.1820235294117647,6718.608695652174,69528,0.041853641698308595,"['Landlord', 'Travel Vendor', 'Subscriptions Vendor', 'Shopping Vendor', 'Mutual Fund']","[26899, 12563, 8262, 5547, 5295]",0.0,0.0
user_001_v10,2026-08,59020,85000,0.30564705882352944,5760.8,59020,0.015520162656726533,"['Landlord', 'Shopping Vendor', 'Subscriptions Vendor', 'Mutual Fund', 'Food Vendor']","[25297, 14403, 7396, 2636, 2525]",0.0,0.0
user_001_v2,2025-10,62760,85000,0.2616470588235294,8208.888888888889,25609,0.0,"['Landlord', 'Makemytrip', 'Myntra', 'Mutual Fund', 'Restaurant']","[16925, 9590, 7334, 5641, 4739]",0.0,0.0
user_001_v2,2025-11,66911,85000,0.21281176470588234,8935.941176470587,66911,0.05815187338404747,"['Landlord', 'Health Vendor', 'Mutual Fund', 'Food Vendor', 'Electricity Board']","[29569, 7609, 7480, 6254, 4610]",0.0,0.0
user_001_v2,2025-12,60182,85000,0.2919764705882353,6913.428571428572,60182,0.00844106211159483,"['Landlord', 'Travel Vendor', 'Mutual Fund', 'Shopping Vendor', 'Utilities Vendor']","[16000, 9481, 8494, 6120, 5650]",0.0,0.0
user_001_v2,2026-01,81242,85000,0.04421176470588235,9778.941176470587,81242,0.041690258733167576,"['Landlord', 'Shopping Vendor', 'Mutual Fund', 'Entertainment Vendor', 'Utilities Vendor']","[24560, 23612, 12933, 7415, 3545]",0.0,0.0
user_001_v2,2026-02,75946,85000,0.10651764705882354,9467.411764705883,75946,0.021949806441418904,"['Landlord', 'Travel Vendor', 'Shopping Vendor', 'Health Vendor', 'Mutual Fund']","[28706, 22586, 7000, 6263, 4201]",0.0,0.0
user_001_v2,2026-03,75217,85000,0.11509411764705882,8010.85,75217,0.03347647473310555,"['Landlord', 'Travel Vendor', 'Utilities Vendor', 'Shopping Vendor', 'Mutual Fund']","[23172, 12107, 10326, 8248, 7581]",0.0,0.0
user_001_v2,2026-04,79963,85000,0.05925882352941177,7172.304347826087,79963,0.12213148581218813,"['Shopping Vendor', 'Landlord', 'Mutual Fund', 'Food Vendor', 'Entertainment Vendor']","[20304, 18443, 17790, 7865, 6033]",0.0,0.0
user_001_v2,2026-05,66887,85000,0.21309411764705882,7994.0526315789475,66887,0.07434927564399658,"['Landlord', 'Food Vendor', 'Travel Vendor', 'Health Vendor', 'Shopping Vendor']","[26998, 11147, 10170, 4891, 4103]",0.0,0.0
user_001_v2,2026-06,61387,85000,0.2778,8611.0,61387,0.07376154560411814,"['Landlord', 'Shopping Vendor', 'Mutual Fund', 'Health Vendor', 'Food Vendor']","[20244, 14141, 11836, 5356, 4528]",0.0,0.0
user_001_v2,2026-07,61849,85000,0.27236470588235295,7728.894736842105,61849,0.045433232550243334,"['Landlord', 'Shopping Vendor', 'Mutual Fund', 'Food Vendor', 'Entertainment Vendor']","[23618, 10691, 8332, 6027, 3401]",0.0,0.0
user_001_v2,2026-08,54921,85000,0.3538705882352941,6662.9047619047615,54921,0.03399428269696473,"['Landlord', 'Travel Vendor', 'Shopping Vendor', 'Food Vendor', 'Utilities Vendor']","[16530, 13044, 11276, 3497, 3054]",0.0,0.0
user_001_v3,2025-10,62760,85000,0.2616470588235294,8208.888888888889,25609,0.0,"['Landlord', 'Makemytrip', 'Myntra', 'Mutual Fund', 'Restaurant']","[16925, 9590, 7334, 5641, 4739]",0.0,0.0
user_001_v3,2025-11,85000,85000,0.0,6296.2962962962965,85000,0.03670588235294118,"['Landlord', 'Travel Vendor', 'Shopping Vendor', 'Food Vendor', 'Health Vendor']","[25139, 20019, 16560, 8853, 5861]",0.0,0.0
user_001_v3,2025-12,92179,85000,-0.08445882352941177,8437.095238095239,92179,0.06360450861909979,"['Shopping Vendor', 'Mutual Fund', 'Food Vendor', 'Landlord', 'Travel Vendor']","[37632, 15548, 11932, 11399, 7913]",0.0,0.0
user_001_v3,2026-01,85000,85000,0.0,11333.333333333334,85000,0.0,"['Shopping Vendor', 'Landlord', 'Health Vendor', 'Mutual Fund', 'Food Vendor']","[41341, 15276, 12152, 11950, 2527]",0.0,0.0
user_001_v3,2026-02,77310,85000,0.09047058823529412,5796.785714285715,77310,0.06630448842323115,"['Health Vendor', 'Landlord', 'Food Vendor', 'Travel Vendor', 'Shopping Vendor']","[25197, 16255, 11782, 11100, 4828]",0.0,0.0
user_001_v3,2026-03,82566,85000,0.028635294117647057,5585.533333333334,82566,0.025652205508320616,"['Shopping Vendor', 'Food Vendor', 'Landlord', 'Mutual Fund', 'Health Vendor']","[36287, 14609, 9567, 8937, 4574]",0.0,0.0
user_001_v3,2026-04,93619,85000,-0.1014,6379.25,93619,0.1018810284237174,"['Shopping Vendor', 'Landlord', 'Health Vendor', 'Other Vendor', 'Food Vendor']","[25614, 23272, 13856, 11671, 7885]",0.0,0.0
user_001_v3,2026-05,85868,85000,-0.010211764705882352,8993.052631578947,85868,0.06929240229188988,"['Shopping Vendor', 'Mutual Fund', 'Food Vendor', 'Landlord', 'Entertainment Vendor']","[29368, 18420, 18353, 11137, 4014]",0.0,0.0
user_001_v3,2026-06,92251,85000,-0.08530588235294118,7706.565217391304,92251,0.08329449003262837,"['Landlord', 'Shopping Vendor', 'Other Vendor', 'Electricity Board', 'Mutual Fund']","[20442, 14988, 11415, 10534, 9732]",0.0,0.0
user_001_v3,2026-07,85000,85000,0.0,10000.0,85000,0.006317647058823529,"['Travel Vendor', 'Mutual Fund', 'Landlord', 'Electricity Board', 'Food Vendor']","[41722, 20848, 9444, 4513, 4472]",0.0,0.0
user_001_v3,2026-08,85000,85000,0.0,10000.0,85000,0.047576470588235296,"['Travel Vendor', 'Landlord', 'Shopping Vendor', 'Food Vendor', 'Mutual Fund']","[42020, 17368, 7884, 7768, 3796]",0.0,0.0
user_001_v4,2025-10,62760,85000,0.2616470588235294,8208.888888888889,25609,0.0,"['Landlord', 'Makemytrip', 'Myntra', 'Mutual Fund', 'Restaurant']","[16925, 9590, 7334, 5641, 4739]",0.0,0.0
user_001_v4,2025-11,64142,85000,0.24538823529411766,8285.666666666666,64142,0.0,"['Landlord', 'Travel Vendor', 'Mutual Fund', 'Utilities Vendor', 'Shopping Vendor']","[26560, 14305, 5566, 5524, 3950]",0.0,0.0
user_001_v4,2025-12,78128,85000,0.08084705882352941,8585.684210526315,78128,0.06619905795617448,"['Landlord', 'Food Vendor', 'Shopping Vendor', 'Mutual Fund', 'Entertainment Vendor']","[41012, 11389, 6144, 6016, 5220]",0.0,0.0
user_001_v4,2026-01,62457,85000,0.26521176470588237,6702.590909090909,62457,0.09360039707318635,"['Landlord', 'Travel Vendor', 'Shopping Vendor', 'Food Vendor', 'Utilities Vendor']","[25339, 8960, 5342, 5309, 4488]",0.0,0.0
user_001_v4,2026-02,69646,85000,0.18063529411764706,7364.0952380952385,69646,0.028860236050885908,"['Landlord', 'Mutual Fund', 'Food Vendor', 'Travel Vendor', 'Utilities Vendor']","[19761, 11529, 10658, 8992, 6599]",0.0,0.0
user_001_v4,2026-03,54003,85000,0.36467058823529414,7315.9473684210525,54003,0.04510860507749569,"['Travel Vendor', 'Landlord', 'Shopping Vendor', 'Mutual Fund', 'Transport Vendor']","[16272, 15004, 9566, 6722, 2116]",0.0,0.0
user_001_v4,2026-04,62336,85000,0.2666352941176471,8185.333333333333,62336,0.09161640143737167,"['Landlord', 'Mutual Fund', 'Shopping Vendor', 'Utilities Vendor', 'Travel Vendor']","[25211, 12412, 6077, 5433, 4019]",0.0,0.0
user_001_v4,2026-05,52361,85000,0.38398823529411763,8080.058823529412,52361,0.03519795267470063,"['Landlord', 'Mutual Fund', 'Travel Vendor', 'Shopping Vendor', 'Food Vendor']","[16626, 10851, 9871, 5083, 4611]",0.0,0.0
user_001_v4,2026-06,50839,85000,0.40189411764705885,11319.916666666666,50839,0.0,"['Landlord', 'Travel Vendor', 'Mutual Fund', 'Utilities Vendor', 'Electricity Board']","[17846, 8795, 4783, 4362, 4174]",0.0,0.0
user_001_v4,2026-07,63586,85000,0.2519294117647059,7075.523809523809,63586,0.010096562136319315,"['Shopping Vendor', 'Landlord', 'Mutual Fund', 'Food Vendor', 'Electricity Board']","[23285, 17144, 7282, 6206, 2943]",0.0,0.0
user_001_v4,2026-08,49690,85000,0.41541176470588237,5612.083333333333,49690,0.038961561682431076,"['Travel Vendor', 'Landlord', 'Shopping Vendor', 'Utilities Vendor', 'Mutual Fund']","[14403, 12924, 9760, 3727, 2876]",0.0,0.0
user_001_v5,2025-10,62760,85000,0.2616470588235294,8208.888888888889,25609,0.0,"['Landlord', 'Makemytrip', 'Myntra', 'Mutual Fund', 'Restaurant']","[16925, 9590, 7334, 5641, 4739]",0.0,0.0
user_001_v5,2025-11,72389,85000,0.14836470588235295,7869.45,59815,0.0,"['Landlord', 'Travel Vendor', 'Shopping Vendor', 'Mutual Fund', 'Subscriptions Vendor']","[18574, 12574, 12352, 7676, 6701]",0.0,0.0
user_001_v5,2025-12,51728,85000,0.39143529411764705,9766.285714285714,51728,0.0,"['Landlord', 'Mutual Fund', 'Shopping Vendor', 'Subscriptions Vendor', 'Health Vendor']","[21877, 10537, 6713, 4021, 3338]",0.0,0.0
user_001_v5,2026-01,55478,85000,0.3473176470588235,7393.578947368421,55478,0.0365910811492844,"['Landlord', 'Mutual Fund', 'Subscriptions Vendor', 'Entertainment Vendor', 'Food Vendor']","[17974, 9852, 8616, 5036, 4065]",0.0,0.0
user_001_v5,2026-02,52393,85000,0.3836117647058824,5284.346153846154,52393,0.028877903536732006,"['Landlord', 'Health Vendor', 'Subscriptions Vendor', 'Mutual Fund', 'Food Vendor']","[21171, 7175, 5760, 4664, 4416]",0.0,0.0
user_001_v5,2026-03,74106,85000,0.12816470588235293,7955.3,74106,0.10437751329177125,"['Landlord', 'Mutual Fund', 'Subscriptions Vendor', 'Shopping Vendor', 'Food Vendor']","[21382, 14899, 10828, 7360, 6826]",0.0,0.0
user_001_v5,2026-04,57648,85000,0.32178823529411765,9509.866666666667,50117,0.0,"['Landlord', 'Subscriptions Vendor', 'Mutual Fund', 'Travel Vendor', 'Health Vendor']","[21119, 11360, 9293, 7531, 3076]",0.0,0.0
user_001_v5,2026-05,49351,85000,0.4194,8956.733333333334,49351,0.07797207756681729,"['Landlord', 'Shopping Vendor', 'Mutual Fund', 'Entertainment Vendor', 'Subscriptions Vendor']","[22306, 5474, 5446, 3848, 3711]",0.0,0.0
user_001_v5,2026-06,71210,85000,0.16223529411764706,8678.333333333334,71210,0.019842718719281,"['Landlord', 'Mutual Fund', 'Subscriptions Vendor', 'Utilities Vendor', 'Food Vendor']","[33397, 12655, 10639, 2895, 2630]",0.0,0.0
user_001_v5,2026-07,75113,85000,0.11631764705882353,9418.411764705883,75113,0.03946054611052681,"['Landlord', 'Mutual Fund', 'Subscriptions Vendor', 'Electricity Board', 'Food Vendor']","[22910, 17000, 14433, 6253, 5435]",0.0,0.0
user_001_v5,2026-08,73968,85000,0.12978823529411765,9351.058823529413,73968,0.07929104477611941,"['Landlord', 'Mutual Fund', 'Subscriptions Vendor', 'Food Vendor', 'Netflix']","[35805, 10587, 5660, 4058, 4000]",0.0,0.0
user_001_v6,2025-10,62760,85000,0.2616470588235294,8208.888888888889,25609,0.0,"['Landlord', 'Makemytrip', 'Myntra', 'Mutual Fund', 'Restaurant']","[16925, 9590, 7334, 5641, 4739]",0.0,0.0
user_001_v6,2025-11,64625,85000,0.23970588235294119,12468.75,64625,0.09319922630560928,"['Landlord', 'Shopping Vendor', 'Mutual Fund', 'Food Vendor', 'Electricity Board']","[34475, 14123, 6391, 5749, 2096]",0.0,0.0
user_001_v6,2025-12,55209,85000,0.35048235294117647,8247.588235294117,49824,0.026517415638754552,"['Landlord', 'Shopping Vendor', 'Investment Vendor', 'Travel Vendor', 'Mutual Fund']","[26567, 8694, 5385, 4228, 2986]",0.0,0.0
user_001_v6,2026-01,77708,85000,0.08578823529411765,14791.636363636364,77708,0.045323518814021725,"['Landlord', 'Mutual Fund', 'Food Vendor', 'Shopping Vendor', 'Electricity Board']","[44520, 12494, 6546, 4475, 3470]",0.0,0.0
user_001_v6,2026-02,52720,85000,0.37976470588235295,12520.0,49202,0.03666540212443096,"['Landlord', 'Shopping Vendor', 'Mutual Fund', 'Health Vendor', 'Electricity Board']","[20208, 15300, 7529, 3518, 1951]",0.0,0.0
user_001_v6,2026-03,61888,85000,0.27190588235294116,13353.454545454546,61888,0.0,"['Landlord', 'Shopping Vendor', 'Mutual Fund', 'Travel Vendor', 'Electricity Board']","[23071, 13838, 11619, 6707, 3150]",0.0,0.0
user_001_v6,2026-04,55219,85000,0.35036470588235297,10015.642857142857,55219,0.01651605425668701,"['Landlord', 'Travel Vendor', 'Mutual Fund', 'Food Vendor', 'Entertainment Vendor']","[22575, 14034, 7213, 4776, 2708]",0.0,0.0
user_001_v6,2026-05,59725,85000,0.2973529411764706,12060.416666666666,54849,0.0,"['Landlord', 'Shopping Vendor', 'Mutual Fund', 'Health Vendor', 'Food Vendor']","[31441, 8444, 6531, 4876, 4547]",0.0,0.0
user_001_v6,2026-06,69039,85000,0.1877764705882353,11002.785714285714,69039,0.012384304523530178,"['Mutual Fund', 'Landlord', 'Travel Vendor', 'Food Vendor', 'Entertainment Vendor']","[21974, 19345, 12392, 3920, 3633]",0.0,0.0
user_001_v6,2026-07,55188,85000,0.3507294117647059,10783.692307692309,55188,0.06186127419004131,"['Landlord', 'Mutual Fund', 'Shopping Vendor', 'Electricity Board', 'Other Vendor']","[32437, 8527, 4299, 3181, 2957]",0.0,0.0
user_001_v6,2026-08,49022,85000,0.4232705882352941,9573.0,42595,0.024254416384480438,"['Landlord', 'Mutual Fund', 'Investment Vendor', 'Entertainment Vendor', 'Travel Vendor']","[19003, 9755, 6427, 3334, 3017]",0.0,0.0
user_001_v7,2025-10,62760,85000,0.2616470588235294,8208.888888888889,25609,0.0,"['Landlord', 'Makemytrip', 'Myntra', 'Mutual Fund', 'Restaurant']","[16925, 9590, 7334, 5641, 4739]",0.0,0.0
user_001_v7,2025-11,64062,85000,0.24632941176470588,6210.916666666667,64062,0.09292560332178203,"['Landlord', 'Shopping Vendor', 'Mutual Fund', 'Food Vendor', 'Entertainment Vendor']","[22040, 14336, 10370, 5503, 3936]",0.0,0.0
user_001_v7,2025-12,60365,85000,0.2898235294117647,8550.882352941177,60365,0.02016068914105856,"['Landlord', 'Shopping Vendor', 'Transport Vendor', 'Food Vendor', 'Mutual Fund']","[30265, 11510, 4013, 3876, 3477]",0.0,0.0
user_001_v7,2026-01,49236,85000,0.4207529411764706,6711.8,49236,0.07299536924201804,"['Landlord', 'Shopping Vendor', 'Entertainment Vendor', 'Mutual Fund', 'Food Vendor']","[17397, 12382, 7333, 4240, 3757]",0.0,0.0
user_001_v7,2026-02,70185,85000,0.17429411764705882,8167.631578947368,70185,0.011255966374581464,"['Landlord', 'Shopping Vendor', 'Mutual Fund', 'Entertainment Vendor', 'Food Vendor']","[28275, 12157, 6829, 6752, 5651]",0.0,0.0
user_001_v7,2026-03,51190,85000,0.39776470588235296,6190.454545454545,51190,0.0665950380933776,"['Travel Vendor', 'Landlord', 'Mutual Fund', 'Food Vendor', 'Shopping Vendor']","[20668, 9228, 6925, 4895, 4011]",0.0,0.0
user_001_v7,2026-04,67285,85000,0.20841176470588235,8460.277777777777,67285,0.026097941591736642,"['Landlord', 'Travel Vendor', 'Shopping Vendor', 'Mutual Fund', 'Food Vendor']","[23803, 18956, 9433, 4531, 4172]",0.0,0.0
user_001_v7,2026-05,69194,85000,0.1859529411764706,10279.6,69194,0.03345665809174206,"['Landlord', 'Mutual Fund', 'Food Vendor', 'Shopping Vendor', 'Travel Vendor']","[23121, 13799, 8268, 7657, 6229]",0.0,0.0
user_001_v7,2026-06,78818,85000,0.07272941176470588,9636.35294117647,78818,0.03254332766626913,"['Landlord', 'Mutual Fund', 'Food Vendor', 'Entertainment Vendor', 'Shopping Vendor']","[41491, 14531, 6182, 5290, 4254]",0.0,0.0
user_001_v7,2026-07,73276,85000,0.13792941176470588,8330.315789473685,73276,0.06893116436486708,"['Shopping Vendor', 'Landlord', 'Mutual Fund', 'Food Vendor', 'Electricity Board']","[25174, 21300, 15213, 8014, 1519]",0.0,0.0
user_001_v7,2026-08,65294,85000,0.23183529411764706,7156.857142857143,65294,0.06404876405182712,"['Travel Vendor', 'Landlord', 'Mutual Fund', 'Food Vendor', 'Transport Vendor']","[21739, 21723, 8988, 5325, 2177]",0.0,0.0
user_001_v8,2025-10,62760,85000,0.2616470588235294,8208.888888888889,25609,0.0,"['Landlord', 'Makemytrip', 'Myntra', 'Mutual Fund', 'Restaurant']","[16925, 9590, 7334, 5641, 4739]",0.0,0.0
user_001_v8,2025-11,85000,85000,0.0,8500.0,85000,0.032070588235294115,"['Shopping Vendor', 'Landlord', 'Mutual Fund', 'Travel Vendor', 'Food Vendor']","[26714, 19658, 17502, 10909, 3926]",0.0,0.0
user_001_v8,2025-12,86528,85000,-0.017976470588235295,21441.0,86528,0.015578772189349112,"['Landlord', 'Spotify', 'Mutual Fund', 'Electricity Board', 'Shopping Vendor']","[77668, 1979, 1895, 1816, 1673]",0.0,0.0
user_001_v8,2026-01,94161,85000,-0.10777647058823529,8958.05,94161,0.03209396671658118,"['Shopping Vendor', 'Mutual Fund', 'Landlord', 'Electricity Board', 'Travel Vendor']","[30243, 18760, 13695, 10370, 5777]",0.0,0.0
user_001_v8,2026-02,83738,85000,0.014847058823529411,84369.0,83738,0.0,['Landlord'],[83738],0.0,0.0
user_001_v8,2026-03,87109,85000,-0.024811764705882353,19123.222222222223,87109,0.019010664799274473,"['Travel Vendor', 'Landlord', 'Mutual Fund', 'Transport Vendor', 'Spotify']","[54815, 15498, 14248, 1656, 618]",0.0,0.0
user_001_v8,2026-04,92171,85000,-0.08436470588235294,9324.78947368421,92171,0.0,"['Travel Vendor', 'Shopping Vendor', 'Landlord', 'Mutual Fund', 'Food Vendor']","[40259, 17795, 12108, 9595, 6486]",0.0,0.0
user_001_v8,2026-05,88270,85000,-0.03847058823529412,8663.5,88270,0.055126316981987084,"['Landlord', 'Investment Vendor', 'Shopping Vendor', 'Food Vendor', 'Mutual Fund']","[28032, 22754, 13505, 9908, 9087]",0.0,0.0
user_001_v8,2026-06,92459,85000,-0.08775294117647059,9858.833333333334,92459,0.005472696005797164,"['Shopping Vendor', 'Investment Vendor', 'Landlord', 'Mutual Fund', 'Entertainment Vendor']","[51423, 13317, 12639, 5764, 4313]",0.0,0.0
user_001_v8,2026-07,85151,85000,-0.001776470588235294,10634.4375,85151,0.06623527615647497,"['Shopping Vendor', 'Mutual Fund', 'Landlord', 'Investment Vendor', 'Food Vendor']","[24223, 21450, 14971, 13527, 6549]",0.0,0.0
user_001_v8,2026-08,85000,85000,0.0,34000.0,85000,0.0,"['Landlord', 'Mutual Fund', 'Spotify', 'Netflix']","[70636, 14024, 171, 169]",0.0,0.0
user_001_v9,2025-10,62760,85000,0.2616470588235294,8208.888888888889,25609,0.0,"['Landlord', 'Makemytrip', 'Myntra', 'Mutual Fund', 'Restaurant']","[16925, 9590, 7334, 5641, 4739]",0.0,0.0
user_001_v9,2025-11,46087,85000,0.4578,7711.0,46087,0.01191225291296895,"['Landlord', 'Shopping Vendor', 'Travel Vendor', 'Food Vendor', 'Mutual Fund']","[23331, 8454, 4510, 3388, 3088]",0.0,0.0
user_001_v9,2025-12,51561,85000,0.3934,9754.357142857143,51561,0.04883536005895929,"['Landlord', 'Travel Vendor', 'Mutual Fund', 'Food Vendor', 'Shopping Vendor']","[23560, 12351, 4576, 3813, 2768]",0.0,0.0
user_001_v9,2026-01,56998,85000,0.32943529411764705,11833.166666666666,56998,0.032422190252289554,"['Landlord', 'Mutual Fund', 'Shopping Vendor', 'Food Vendor', 'Utilities Vendor']","[28217, 14566, 7445, 3286, 1569]",0.0,0.0
user_001_v9,2026-02,76662,85000,0.09809411764705882,11547.285714285714,76662,0.0,"['Landlord', 'Shopping Vendor', 'Travel Vendor', 'Health Vendor', 'Electricity Board']","[33465, 19846, 9365, 4662, 2846]",0.0,0.0
user_001_v9,2026-03,52537,85000,0.38191764705882353,6876.85,52537,0.0713211641319451,"['Landlord', 'Shopping Vendor', 'Travel Vendor', 'Food Vendor', 'Mutual Fund']","[19000, 11537, 6628, 5529, 5088]",0.0,0.0
user_001_v9,2026-04,82092,85000,0.03421176470588235,8354.6,82092,0.030258734103201287,"['Mutual Fund', 'Landlord', 'Travel Vendor', 'Food Vendor', 'Utilities Vendor']","[21696, 19004, 9173, 9098, 7108]",0.0,0.0
user_001_v9,2026-05,56337,85000,0.3372117647058824,7066.85,56337,0.035252143351616166,"['Landlord', 'Shopping Vendor', 'Mutual Fund', 'Utilities Vendor', 'Health Vendor']","[18010, 11061, 10901, 6515, 2441]",0.0,0.0
user_001_v9,2026-06,71231,85000,0.16198823529411766,11159.357142857143,71231,0.06653002204096531,"['Landlord', 'Mutual Fund', 'Food Vendor', 'Health Vendor', 'Electricity Board']","[28130, 17177, 7648, 7311, 6457]",0.0,0.0
user_001_v9,2026-07,54886,85000,0.3542823529411765,7362.421052631579,54886,0.06236563057974711,"['Landlord', 'Mutual Fund', 'Shopping Vendor', 'Health Vendor', 'Food Vendor']","[20136, 8270, 7732, 6238, 5655]",0.0,0.0
user_001_v9,2026-08,81967,85000,0.03568235294117647,8787.736842105263,81967,0.016006441616748204,"['Shopping Vendor', 'Landlord', 'Mutual Fund', 'Utilities Vendor', 'Transport Vendor']","[23386, 21933, 19486, 4824, 3935]",0.0,0.0
user_002_v1,2025-10,63724,95000,0.32922105263157897,12209.538461538461,35261,0.3732188814261503,"['Landlord', 'Stock Market', 'Adobe', 'Amazon', 'Restaurant']","[22039, 14693, 8265, 5876, 5141]",0.0,0.0
user_002_v1,2025-11,79465,91781,0.13418899336463974,13172.76923076923,79465,0.043327250991002327,"['Landlord', 'Investment Vendor', 'Internet Provider', 'Adobe', 'Transport Vendor']","[38329, 18198, 5123, 4328, 3443]",2276.1767286394966,0.024372679540633112
user_002_v1,2025-12,74191,95964,0.22688716602059106,12153.92857142857,74191,0.08405332183148899,"['Landlord', 'Shopping Vendor', 'Entertainment Vendor', 'Utilities Vendor', 'Food Vendor']","[30743, 10283, 7973, 5773, 5188]",2190.4621278016516,0.023241388471608535
user_002_v1,2026-01,66789,86811,0.23063897432353042,8533.333333333334,66789,0.04698378475497462,"['Landlord', 'Investment Vendor', 'Utilities Vendor', 'Adobe', 'Food Vendor']","[28151, 15476, 7621, 4465, 3206]",4582.135564704885,0.05006777012381683
user_002_v1,2026-02,78291,102420,0.23558875219683656,12907.92857142857,78291,0.09201568507235826,"['Landlord', 'Entertainment Vendor', 'Food Vendor', 'Shopping Vendor', 'Adobe']","[42056, 10313, 6611, 5781, 5272]",7843.237278063187,0.08250394233485707
user_002_v1,2026-03,44736,74252,0.3975111781500835,5666.0952380952385,44736,0.048886802575107295,"['Landlord', 'Investment Vendor', 'Food Vendor', 'Utilities Vendor', 'Adobe']","[19580, 7835, 6523, 2716, 1885]",14111.494050359564,0.16067253732149206
user_002_v1,2026-04,68865,107411,0.3588645483237285,11017.25,68865,0.024656937486386407,"['Landlord', 'Investment Vendor', 'Food Vendor', 'Adobe', 'Entertainment Vendor']","[42168, 7700, 6860, 3576, 3259]",17878.5979409274,0.18880325053868835
user_002_v1,2026-05,85625,102949,0.16827749662454225,12571.6,85625,0.08894598540145986,"['Landlord', 'Investment Vendor', 'Entertainment Vendor', 'Adobe', 'Food Vendor']","[26745, 21593, 10463, 8671, 6204]",17995.122181672825,0.18968057054874168
user_002_v1,2026-06,89802,135485,0.3371812377753995,14080.4375,89802,0.045411015344869826,"['Landlord', 'Food Vendor', 'Adobe', 'Shopping Vendor', 'Utilities Vendor']","[43076, 12746, 10390, 9002, 5532]",17638.264351498226,0.1530014690236802
user_002_v1,2026-07,66965,99008,0.32364051389786685,11064.866666666667,66965,0.12766370492048085,"['Landlord', 'Food Vendor', 'Investment Vendor', 'Shopping Vendor', 'Adobe']","[28756, 10619, 7523, 7509, 5168]",20019.55005321881,0.17798214258941217
user_002_v1,2026-08,109868,122375,0.10220224719101123,13661.35294117647,109868,0.08763243164524702,"['Landlord', 'Shopping Vendor', 'Entertainment Vendor', 'Electricity', 'Utilities Vendor']","[47176, 27391, 8830, 7158, 6251]",18477.284784296633,0.15532873318114793
user_002_v10,2025-10,54817,95000,0.42297894736842107,11524.384615384615,30332,0.37320539248773194,"['Landlord', 'Stock Market', 'Adobe', 'Amazon', 'Restaurant']","[18959, 12639, 7109, 5056, 4423]",0.0,0.0
user_002_v10,2025-11,60576,105359,0.4250514906177925,8733.421052631578,60576,0.009376650818806127,"['Landlord', 'Subscriptions Vendor', 'Transport Vendor', 'Food Vendor', 'Adobe']","[32638, 8765, 6703, 4320, 3528]",7324.919146311446,0.07311794475228411
user_002_v10,2025-12,50031,74545,0.32884834663626,5662.545454545455,50031,0.05060862265395455,"['Landlord', 'Subscriptions Vendor', 'Shopping Vendor', 'Adobe', 'Health Vendor']","[16015, 12746, 5274, 4613, 3625]",15680.234383877474,0.17111683770200659
user_002_v10,2026-01,105755,115934,0.08779995514689393,8867.56,105755,0.010042078388728665,"['Landlord', 'Subscriptions Vendor', 'Investment Vendor', 'Shopping Vendor', 'Electricity']","[42373, 21017, 18926, 10889, 3813]",21503.420433348118,0.21805941528824677
user_002_v10,2026-02,44902,71130,0.36873330521580205,5801.6,44902,0.015901296156073226,"['Landlord', 'Subscriptions Vendor', 'Investment Vendor', 'Health Vendor', 'Internet Provider']","[23205, 12222, 4685, 1150, 945]",24940.295246849022,0.2860027206271461
user_002_v10,2026-03,110204,133475,0.174347256040457,10594.739130434782,110204,0.04780225763130195,"['Landlord', 'Investment Vendor', 'Subscriptions Vendor', 'Shopping Vendor', 'Transport Vendor']","[42234, 19607, 18173, 11009, 8848]",32150.64572187211,0.30090546599826024
user_002_v10,2026-04,81121,95593,0.15139183831452094,10394.941176470587,81121,0.0,"['Investment Vendor', 'Landlord', 'Subscriptions Vendor', 'Adobe', 'Electricity']","[37336, 27774, 7125, 2268, 2159]",31412.267555845123,0.3139154913341707
user_002_v10,2026-05,75273,92614,0.18723951022523594,6715.48,75273,0.015330862327793498,"['Landlord', 'Investment Vendor', 'Subscriptions Vendor', 'Food Vendor', 'Electricity']","[27872, 18213, 12037, 5918, 3104]",22779.894958786208,0.2124448519853726
user_002_v10,2026-06,65598,98486,0.33393578782771155,7458.363636363636,65598,0.03356809658831062,"['Landlord', 'Subscriptions Vendor', 'Investment Vendor', 'Food Vendor', 'Adobe']","[36849, 13598, 5063, 4344, 3066]",2936.1049595226127,0.030723857501117356
user_002_v10,2026-07,92304,109650,0.15819425444596444,7767.461538461538,92304,0.051828739816259316,"['Landlord', 'Subscriptions Vendor', 'Shopping Vendor', 'Investment Vendor', 'Food Vendor']","[30612, 22132, 10436, 8798, 6416]",8653.906401157801,0.08632325587189826
user_002_v10,2026-08,60434,67045,0.09860541427399508,7967.4375,60434,0.0,"['Landlord', 'Investment Vendor', 'Subscriptions Vendor', 'Shopping Vendor', 'Electricity']","[22572, 20386, 5116, 4364, 2568]",22092.07022893056,0.24084588211683103
user_002_v2,2025-10,66835,95000,0.29647368421052633,12448.846153846154,36981,0.37321762549562354,"['Landlord', 'Stock Market', 'Adobe', 'Amazon', 'Restaurant']","[23116, 15410, 8667, 6164, 5393]",0.0,0.0
user_002_v2,2025-11,72826,89954,0.1904084309758321,8139.0,72826,0.038914673330953234,"['Travel Vendor', 'Investment Vendor', 'Landlord', 'Shopping Vendor', 'Food Vendor']","[21447, 20218, 14394, 5688, 3069]",3568.0608178673187,0.0385832241299709
user_002_v2,2025-12,102937,110150,0.06548343168406719,7892.111111111111,102937,0.033748797808368224,"['Landlord', 'Shopping Vendor', 'Travel Vendor', 'Food Vendor', 'Adobe']","[33368, 25374, 17352, 10307, 5536]",10510.812147498404,0.1068519452209906
user_002_v2,2026-01,69488,87021,0.20148010250399329,8694.944444444445,69488,0.04454006447156344,"['Landlord', 'Investment Vendor', 'Travel Vendor', 'Shopping Vendor', 'Adobe']","[21772, 18954, 13205, 3319, 3253]",12592.534468220974,0.1315719752883341
user_002_v2,2026-02,99846,118349,0.15634268139147775,9917.954545454546,99846,0.1191234501131743,"['Landlord', 'Travel Vendor', 'Transport Vendor', 'Food Vendor', 'Internet Provider']","[45130, 25858, 9812, 9309, 5957]",16246.116592383958,0.15446992196105438
user_002_v2,2026-03,73572,130442,0.435979209150427,10200.7,73572,0.044269559071385856,"['Travel Vendor', 'Landlord', 'Investment Vendor', 'Food Vendor', 'Electricity']","[21517, 20036, 17477, 6490, 3233]",22409.326458716547,0.2001952859818876
user_002_v2,2026-04,67442,90405,0.2540014379735634,6071.038461538462,67442,0.04632128347320661,"['Travel Vendor', 'Landlord', 'Food Vendor', 'Shopping Vendor', 'Adobe']","[25329, 19522, 9250, 7061, 2189]",20534.80441429461,0.18161892605715818
user_002_v2,2026-05,80712,117260,0.3116834385127068,12373.25,80712,0.0489766081871345,"['Landlord', 'Travel Vendor', 'Food Vendor', 'Investment Vendor', 'Shopping Vendor']","[36175, 17314, 10290, 8995, 3832]",20403.91105482803,0.1810424899942447
user_002_v2,2026-06,78171,93609,0.16492003973976863,6606.923076923077,78171,0.04427473103836461,"['Travel Vendor', 'Landlord', 'Investment Vendor', 'Shopping Vendor', 'Food Vendor']","[28698, 12238, 11956, 9516, 9219]",14667.574452967108,0.14605549552534014
user_002_v2,2026-07,50464,91772,0.4501155036394543,10941.23076923077,50464,0.0,"['Shopping Vendor', 'Landlord', 'Travel Vendor', 'Adobe', 'Food Vendor']","[17946, 14241, 10913, 3139, 3052]",14214.913025880014,0.14090866431726054
user_002_v2,2026-08,73231,93860,0.21978478585126784,8354.55,73231,0.07593778591033852,"['Landlord', 'Investment Vendor', 'Shopping Vendor', 'Transport Vendor', 'Adobe']","[28638, 12707, 8639, 7487, 5363]",1139.9790933755087,0.012247260538841094
user_002_v3,2025-10,85263,95000,0.10249473684210526,13866.384615384615,47179,0.373209950388797,"['Landlord', 'Stock Market', 'Adobe', 'Amazon', 'Restaurant']","[29489, 19659, 11057, 7863, 6880]",0.0,0.0
user_002_v3,2025-11,100762,101610,0.008345635272118885,10651.157894736842,100762,0.08622298088565133,"['Landlord', 'Investment Vendor', 'Food Vendor', 'Electricity', 'Internet Provider']","[57819, 16082, 10944, 7956, 3944]",4673.975823643079,0.04754565712469436
user_002_v3,2025-12,65754,63898,-0.029046292528717644,9973.23076923077,65754,0.0,"['Investment Vendor', 'Landlord', 'Food Vendor', 'Adobe', 'Utilities Vendor']","[36237, 15577, 4733, 4680, 2363]",20137.946965865216,0.23190781433812263
user_002_v3,2026-01,110566,100217,-0.10326591296885758,12399.0,110566,0.006132084004124233,"['Landlord', 'Shopping Vendor', 'Adobe', 'Investment Vendor', 'Food Vendor']","[50986, 21018, 14933, 14651, 5729]",21382.255704204832,0.24140283041721516
user_002_v3,2026-02,93062,89804,-0.036279007616587235,8312.09090909091,93062,0.029270808708173047,"['Investment Vendor', 'Landlord', 'Utilities Vendor', 'Food Vendor', 'Electricity']","[52595, 14757, 13300, 5598, 2442]",18702.144110591526,0.2209619301106832
user_002_v3,2026-03,45053,66115,0.31856613476518186,3705.6,45053,0.2268661354404812,"['Landlord', 'Investment Vendor', 'Transport Vendor', 'Food Vendor', 'Utilities Vendor']","[13591, 10054, 9559, 5659, 3779]",17476.39214292622,0.20469272741347821
user_002_v3,2026-04,107351,107845,0.004580648152441003,6941.806451612903,107351,0.029221898258982217,"['Investment Vendor', 'Landlord', 'Utilities Vendor', 'Food Vendor', 'Transport Vendor']","[41991, 20786, 15821, 15281, 4963]",20928.606029387945,0.23803785993601795
user_002_v3,2026-05,93344,119058,0.215978766651548,7585.785714285715,93344,0.13542380870757628,"['Landlord', 'Investment Vendor', 'Food Vendor', 'Shopping Vendor', 'Electricity']","[30371, 21345, 16526, 7924, 6262]",27898.881453085774,0.28563652867488454
user_002_v3,2026-06,81889,74333,-0.10165068004789259,5039.419354838709,81889,0.04780861898423475,"['Investment Vendor', 'Shopping Vendor', 'Food Vendor', 'Landlord', 'Utilities Vendor']","[23025, 21417, 13988, 12398, 5073]",23270.550552146375,0.23175069266767293
user_002_v3,2026-07,81233,81233,0.0,40616.5,81233,0.0,['Landlord'],[81233],24078.573635772806,0.26303498932110236
user_002_v3,2026-08,115409,107713,-0.07144912870312775,6197.833333333333,115409,0.25370638338431145,"['Investment Vendor', 'Food Vendor', 'Shopping Vendor', 'Transport Vendor', 'Landlord']","[35004, 23762, 23335, 13438, 12151]",17621.127470548898,0.20078845031942041
user_002_v4,2025-10,77788,95000,0.18117894736842105,13291.384615384615,43043,0.37321951972026535,"['Landlord', 'Stock Market', 'Adobe', 'Amazon', 'Restaurant']","[26904, 17936, 10088, 7173, 6276]",0.0,0.0
user_002_v4,2025-11,53305,78759,0.3231884610012824,6603.2,53305,0.06693555951599287,"['Investment Vendor', 'Landlord', 'Electricity', 'Utilities Vendor', 'Transport Vendor']","[18968, 18139, 3507, 3364, 2887]",11484.121233250718,0.13218447658251622
user_002_v4,2025-12,37728,63862,0.40922614387272555,3386.3333333333335,37728,0.054097752332485156,"['Landlord', 'Shopping Vendor', 'Food Vendor', 'Utilities Vendor', 'Transport Vendor']","[14697, 5854, 4956, 4320, 2801]",15573.833471563768,0.19662193330846728
user_002_v4,2026-01,80046,94135,0.14966802995697667,10886.3125,80046,0.04245059091022662,"['Landlord', 'Investment Vendor', 'Utilities Vendor', 'Transport Vendor', 'Electricity']","[41138, 21803, 7057, 3398, 2245]",15137.131575478006,0.19180673235919687
user_002_v4,2026-02,54649,78942,0.30773225912695396,6679.55,54649,0.010851067723105639,"['Landlord', 'Shopping Vendor', 'Investment Vendor', 'Utilities Vendor', 'Electricity']","[24191, 12195, 4363, 4123, 2226]",15136.535149542424,0.19165103865816632
user_002_v4,2026-03,58013,96143,0.39659673611183344,7340.761904761905,58013,0.04626549221726165,"['Landlord', 'Investment Vendor', 'Adobe', 'Transport Vendor', 'Food Vendor']","[22716, 13776, 5905, 5226, 4927]",9405.084741776645,0.10480370784239632
user_002_v4,2026-04,53589,90580,0.4083793331861338,5766.76,53589,0.10888428595420702,"['Landlord', 'Investment Vendor', 'Shopping Vendor', 'Food Vendor', 'Transport Vendor']","[19514, 7987, 6978, 6531, 5087]",8777.475092530874,0.09911891019740132
user_002_v4,2026-05,99342,112034,0.11328703786350572,9190.260869565218,99342,0.03551368001449538,"['Landlord', 'Food Vendor', 'Utilities Vendor', 'Investment Vendor', 'Transport Vendor']","[45908, 15405, 9654, 8421, 7417]",11133.62000129936,0.11179942228599858
user_002_v4,2026-06,43902,64610,0.3205076613527318,6383.058823529412,43902,0.01961186278529452,"['Landlord', 'Investment Vendor', 'Adobe', 'Utilities Vendor', 'Electricity']","[21785, 11659, 2859, 1823, 1821]",23747.80969549262,0.26660565325898067
user_002_v4,2026-07,81415,109020,0.2532104201064025,10022.894736842105,81415,0.05323343364244918,"['Landlord', 'Shopping Vendor', 'Investment Vendor', 'Utilities Vendor', 'Transport Vendor']","[36872, 9294, 8662, 8601, 5552]",26552.99126903282,0.27885548689053735
user_002_v4,2026-08,83414,110729,0.24668334402008507,10785.722222222223,83414,0.03485026494353466,"['Landlord', 'Shopping Vendor', 'Utilities Vendor', 'Electricity', 'Food Vendor']","[32427, 17170, 7996, 6489, 5340]",26147.437548129517,0.27585662013296064
user_002_v5,2025-10,58052,95000,0.3889263157894737,11773.23076923077,32123,0.37321711568938193,"['Landlord', 'Stock Market', 'Adobe', 'Amazon', 'Restaurant']","[20078, 13385, 7529, 5353, 4684]",0.0,0.0
user_002_v5,2025-11,68408,98249,0.303728282221702,10416.0625,68408,0.0,"['Landlord', 'Shopping Vendor', 'Subscriptions Vendor', 'Adobe', 'Electricity']","[30103, 19725, 11715, 2745, 2436]",2297.389932075093,0.02377647420762946
user_002_v5,2025-12,87281,101084,0.13654980016619842,9418.25,87281,0.017930591995967048,"['Investment Vendor', 'Landlord', 'Subscriptions Vendor', 'Utilities Vendor', 'Adobe']","[36787, 26016, 8593, 6523, 4226]",3044.346727953306,0.031029616739746878
user_002_v5,2026-01,68794,107000,0.35706542056074764,8371.142857142857,68794,0.010204378288804257,"['Investment Vendor', 'Landlord', 'Utilities Vendor', 'Subscriptions Vendor', 'Adobe']","[31781, 16162, 11561, 4015, 1784]",4464.980067144757,0.043726729413527995
user_002_v5,2026-02,58718,80431,0.2699581007323047,6324.954545454545,58718,0.05272659150516026,"['Landlord', 'Subscriptions Vendor', 'Adobe', 'Internet Provider', 'Food Vendor']","[27019, 17785, 4276, 3114, 2891]",13949.057471145978,0.1450433163386234
user_002_v5,2026-03,57971,98711,0.4127199602881138,9792.625,57971,0.02113125528281382,"['Landlord', 'Subscriptions Vendor', 'Internet Provider', 'Food Vendor', 'Adobe']","[38682, 9044, 3220, 2759, 2041]",13593.979562046332,0.14252342783002492
user_002_v5,2026-04,45532,75993,0.40083955101127733,5786.9047619047615,45532,0.0,"['Landlord', 'Subscriptions Vendor', 'Food Vendor', 'Shopping Vendor', 'Adobe']","[24145, 11282, 2348, 1990, 1985]",12041.32999298666,0.14158774758053572
user_002_v5,2026-05,46994,80451,0.41586804390249965,5792.954545454545,46994,0.0,"['Landlord', 'Subscriptions Vendor', 'Shopping Vendor', 'Food Vendor', 'Internet Provider']","[21620, 11354, 4106, 2886, 2713]",12037.503118725805,0.14153165470469875
user_002_v5,2026-06,52390,77307,0.3223123391154747,6484.85,52390,0.0,"['Landlord', 'Investment Vendor', 'Subscriptions Vendor', 'Shopping Vendor', 'Electricity']","[21760, 11029, 8122, 4791, 1841]",2290.7457301062855,0.0293998194245965
user_002_v5,2026-07,81480,117921,0.3090289261454703,10494.78947368421,81480,0.005817378497790869,"['Landlord', 'Investment Vendor', 'Subscriptions Vendor', 'Utilities Vendor', 'Electricity']","[30992, 17939, 10491, 7714, 5611]",22595.658255514492,0.2458909629189872
user_002_v5,2026-08,67407,100956,0.3323130868893379,7652.863636363636,67407,0.007239604195409972,"['Investment Vendor', 'Landlord', 'Subscriptions Vendor', 'Utilities Vendor', 'Adobe']","[23331, 21739, 10963, 4687, 2498]",20398.461633172246,0.20661273026063778
user_002_v6,2025-10,77132,95000,0.1880842105263158,13240.923076923076,42681,0.373217341699943,"['Landlord', 'Stock Market', 'Adobe', 'Amazon', 'Restaurant']","[26677, 17784, 10003, 7113, 6223]",0.0,0.0
user_002_v6,2025-11,59529,67354,0.11617721293464382,9063.07142857143,59529,0.03210200070553848,"['Landlord', 'Adobe', 'Food Vendor', 'Shopping Vendor', 'Electricity']","[39658, 6085, 5142, 3287, 2796]",19548.674072683294,0.2408154289106926
user_002_v6,2025-12,48025,86583,0.44532991464837207,11217.333333333334,48025,0.01601249349297241,"['Landlord', 'Investment Vendor', 'Shopping Vendor', 'Electricity', 'Internet Provider']","[15705, 14069, 6876, 3103, 2877]",14170.989414998516,0.17077802112580912
user_002_v6,2026-01,81752,95190,0.14117029099695347,11058.875,81752,0.05204765632645073,"['Landlord', 'Adobe', 'Shopping Vendor', 'Internet Provider', 'Transport Vendor']","[53733, 6924, 4690, 4286, 3904]",14251.77056836565,0.1716205457662034
user_002_v6,2026-02,78607,91837,0.14405958382786893,10026.117647058823,78607,0.07964939509204015,"['Landlord', 'Food Vendor', 'Entertainment Vendor', 'Investment Vendor', 'Adobe']","[36136, 8793, 7921, 7453, 6405]",4338.347880626152,0.04756786536266385
user_002_v6,2026-03,75017,87730,0.14491052091644818,13562.25,75017,0.016796192862951063,"['Landlord', 'Investment Vendor', 'Food Vendor', 'Internet Provider', 'Transport Vendor']","[39173, 14568, 6882, 5196, 3339]",3736.345317731413,0.04079617972679218
user_002_v6,2026-04,66330,86984,0.2374459670744045,11793.384615384615,66330,0.014322327755163577,"['Landlord', 'Shopping Vendor', 'Electricity', 'Internet Provider', 'Subscriptions Vendor']","[43160, 8981, 4494, 2262, 1969]",2613.2857351107746,0.02941222207131965
user_002_v6,2026-05,82661,91437,0.0959786519680217,12435.57142857143,82661,0.031151328921740603,"['Investment Vendor', 'Landlord', 'Shopping Vendor', 'Adobe', 'Electricity']","[34249, 20299, 9187, 5874, 4581]",2384.937944685378,0.02688253598166505
user_002_v6,2026-06,76291,84267,0.0946515243215019,12350.615384615385,76291,0.023410362952379703,"['Landlord', 'Investment Vendor', 'Adobe', 'Internet Provider', 'Subscriptions Vendor']","[33684, 24523, 7410, 3894, 2999]",3619.8572255454305,0.041340189413434536
user_002_v6,2026-07,59298,102929,0.4238941406212049,13518.916666666666,59298,0.016088232318122026,"['Landlord', 'Investment Vendor', 'Shopping Vendor', 'Adobe', 'Electricity']","[23829, 22001, 4328, 2931, 2727]",9414.04277307754,0.10135959602499565
user_002_v6,2026-08,68791,92811,0.2588055295169754,8505.368421052632,68791,0.0395255193266561,"['Landlord', 'Shopping Vendor', 'Investment Vendor', 'Entertainment Vendor', 'Internet Provider']","[36317, 10814, 5595, 4254, 3644]",9342.056376051978,0.10009095889801302
user_002_v7,2025-10,58940,95000,0.37957894736842107,11841.538461538461,32614,0.37321004411265696,"['Landlord', 'Stock Market', 'Adobe', 'Amazon', 'Restaurant']","[20386, 13590, 7644, 5436, 4755]",0.0,0.0
user_002_v7,2025-11,61724,76971,0.19808759143053878,5334.423076923077,61724,0.07428228889896961,"['Investment Vendor', 'Landlord', 'Food Vendor', 'Shopping Vendor', 'Transport Vendor']","[20232, 17607, 5278, 4691, 4211]",12748.428158012266,0.14826253447397836
user_002_v7,2025-12,59428,82961,0.28366340810742396,6190.826086956522,59428,0.03136568620852124,"['Landlord', 'Investment Vendor', 'Shopping Vendor', 'Entertainment Vendor', 'Adobe']","[17877, 11653, 11040, 5699, 2953]",9182.070046200548,0.10805316766275573
user_002_v7,2026-01,68181,90487,0.24651054847657675,6898.608695652174,68181,0.08352766899869465,"['Landlord', 'Shopping Vendor', 'Food Vendor', 'Adobe', 'Internet Provider']","[25858, 13586, 6400, 4047, 3991]",6772.530693913462,0.08113438709419167
user_002_v7,2026-02,86485,119556,0.27661514269463683,11446.722222222223,86485,0.12661155113603514,"['Landlord', 'Food Vendor', 'Investment Vendor', 'Entertainment Vendor', 'Internet Provider']","[34945, 12103, 11874, 6909, 6607]",19325.464470485567,0.19786894858587836
user_002_v7,2026-03,39728,67403,0.4105900330845808,5356.55,39728,0.13000906161900927,"['Landlord', 'Investment Vendor', 'Entertainment Vendor', 'Food Vendor', 'Adobe']","[14629, 10767, 4571, 2110, 1617]",26133.673124916826,0.28258118471612664
user_002_v7,2026-04,69832,98519,0.29118241151453017,7652.318181818182,69832,0.03449707870317333,"['Investment Vendor', 'Landlord', 'Food Vendor', 'Entertainment Vendor', 'Electricity']","[29463, 20375, 8283, 3302, 2030]",26238.31877871243,0.27573037619759594
user_002_v7,2026-05,40895,72002,0.4320296658426155,3763.233333333333,40895,0.11534417410441375,"['Investment Vendor', 'Landlord', 'Shopping Vendor', 'Entertainment Vendor', 'Food Vendor']","[12854, 9269, 5571, 3469, 3342]",16795.374095268016,0.211774021476623
user_002_v7,2026-06,82577,94805,0.12898053900110754,7712.260869565217,82577,0.03510662775349068,"['Investment Vendor', 'Landlord', 'Adobe', 'Transport Vendor', 'Shopping Vendor']","[35327, 17431, 6655, 6355, 5833]",14358.051713237417,0.16234426757917525
user_002_v7,2026-07,66024,92351,0.2850754187826878,8335.526315789473,66024,0.056661214103962194,"['Landlord', 'Investment Vendor', 'Entertainment Vendor', 'Transport Vendor', 'Adobe']","[23089, 22697, 7437, 4941, 1940]",12517.19301600802,0.1448983980738548
user_002_v7,2026-08,74387,83642,0.11065015183759355,7901.45,74387,0.12351620578864586,"['Landlord', 'Investment Vendor', 'Food Vendor', 'Transport Vendor', 'Internet Provider']","[30467, 12043, 8110, 6335, 6133]",5866.307271188574,0.06498911296821144
user_002_v8,2025-10,67525,95000,0.2892105263157895,12501.923076923076,37366,0.3732099222510181,"['Landlord', 'Stock Market', 'Adobe', 'Amazon', 'Restaurant']","[23355, 15569, 8758, 6227, 5448]",0.0,0.0
user_002_v8,2025-11,105309,108501,0.02941908369508115,11878.333333333334,105309,0.006200799551795193,"['Landlord', 'Investment Vendor', 'Food Vendor', 'Shopping Vendor', 'Transport Vendor']","[57962, 15872, 11529, 6679, 5503]",9546.648652799578,0.09382409573220356
user_002_v8,2025-12,134363,127027,-0.05775150164925567,6878.684210526316,134363,0.07382984899116572,"['Shopping Vendor', 'Investment Vendor', 'Food Vendor', 'Landlord', 'Utilities Vendor']","[39393, 23608, 20472, 17206, 11393]",16079.067168215946,0.1459398341582191
user_002_v8,2026-01,107700,107700,0.0,7977.777777777777,107700,0.06651810584958218,"['Shopping Vendor', 'Landlord', 'Electricity', 'Internet Provider', 'Food Vendor']","[42996, 14438, 13539, 8770, 6900]",10934.55688783653,0.09557399356552959
user_002_v8,2026-02,102162,101970,-0.0018829067372756693,7851.2307692307695,102162,0.016297644916896694,"['Investment Vendor', 'Shopping Vendor', 'Food Vendor', 'Landlord', 'Adobe']","[32209, 20028, 18741, 12330, 11577]",13128.969736172496,0.11698027962386802
user_002_v8,2026-03,60386,61171,0.012832878324696343,5525.318181818182,60386,0.08031662968237671,"['Investment Vendor', 'Landlord', 'Shopping Vendor', 'Food Vendor', 'Utilities Vendor']","[28326, 12057, 5374, 4970, 4177]",25371.700580239656,0.2810324202787575
user_002_v8,2026-04,120175,106932,-0.1238450604122246,10814.619047619048,120175,0.01799043062200957,"['Shopping Vendor', 'Utilities Vendor', 'Landlord', 'Adobe', 'Investment Vendor']","[63222, 18386, 14697, 12647, 3976]",25110.585304475346,0.27893108868130484
user_002_v8,2026-05,106744,100987,-0.05700733757810411,8309.24,106744,0.0789271528142097,"['Shopping Vendor', 'Utilities Vendor', 'Investment Vendor', 'Landlord', 'Food Vendor']","[33073, 27837, 16552, 11942, 9148]",24882.14219743415,0.2774031981578745
user_002_v8,2026-06,113719,100820,-0.12794088474509027,6501.181818181818,113719,0.016901309367827716,"['Shopping Vendor', 'Utilities Vendor', 'Investment Vendor', 'Landlord', 'Food Vendor']","[37656, 27368, 23126, 13124, 7264]",3481.5575537393665,0.03383010459066752
user_002_v8,2026-07,68606,68606,0.0,5965.739130434783,68606,0.022738535988105997,"['Shopping Vendor', 'Investment Vendor', 'Food Vendor', 'Landlord', 'Electricity']","[18111, 18023, 8437, 8130, 5726]",18647.157272177792,0.20687419545855182
user_002_v8,2026-08,121655,114099,-0.06622319214015898,26194.88888888889,121655,0.0014056142369816285,"['Landlord', 'Investment Vendor', 'Shopping Vendor', 'Adobe', 'Internet Provider']","[79075, 27018, 11494, 2016, 1881]",23394.040145586936,0.24753415196811854
user_002_v9,2025-10,54873,95000,0.42238947368421054,11528.692307692309,30364,0.3732072239534926,"['Landlord', 'Stock Market', 'Adobe', 'Amazon', 'Restaurant']","[18979, 12653, 7117, 5060, 4428]",0.0,0.0
user_002_v9,2025-11,84302,97009,0.13098784648847014,13947.0,84302,0.030924533225783493,"['Landlord', 'Travel Vendor', 'Investment Vendor', 'Shopping Vendor', 'Internet Provider']","[39003, 16375, 12992, 5187, 3420]",1420.577523403774,0.014796988926600044
user_002_v9,2025-12,95693,106455,0.10109435911887651,7486.962962962963,95693,0.07622292121680792,"['Investment Vendor', 'Landlord', 'Shopping Vendor', 'Entertainment Vendor', 'Travel Vendor']","[30976, 20368, 16465, 8046, 5841]",6116.64425972281,0.06148122647678926
user_002_v9,2026-01,101231,107376,0.057228803457010875,8691.958333333334,101231,0.01093538540565637,"['Landlord', 'Investment Vendor', 'Travel Vendor', 'Food Vendor', 'Entertainment Vendor']","[30380, 24931, 13201, 11694, 5348]",5738.0287846379215,0.0553792509133759
user_002_v9,2026-02,71395,119760,0.4038493653974616,11947.1875,71395,0.05884165557812172,"['Travel Vendor', 'Landlord', 'Investment Vendor', 'Entertainment Vendor', 'Shopping Vendor']","[20065, 13037, 10553, 7755, 7716]",7430.059690204382,0.06681888621279694
user_002_v9,2026-03,73045,124602,0.41377345467970017,10980.388888888889,73045,0.012786638373605311,"['Landlord', 'Investment Vendor', 'Food Vendor', 'Travel Vendor', 'Entertainment Vendor']","[31861, 11491, 8044, 7132, 5824]",8883.913326907237,0.07577156855591864
user_002_v9,2026-04,58995,74556,0.20871559633027523,8903.4,58995,0.017747266717518435,"['Travel Vendor', 'Landlord', 'Transport Vendor', 'Adobe', 'Electricity']","[29505, 23150, 1672, 1636, 1414]",27602.683130449474,0.2596531064140262
user_002_v9,2026-05,42358,70333,0.3977507002402855,4334.2692307692305,42358,0.08846026724585675,"['Landlord', 'Investment Vendor', 'Shopping Vendor', 'Entertainment Vendor', 'Food Vendor']","[9697, 8335, 6813, 3948, 3786]",30187.08389913364,0.3360455514187892
user_002_v9,2026-06,85246,127317,0.3304429102162319,10122.047619047618,85246,0.03603688149590597,"['Travel Vendor', 'Landlord', 'Investment Vendor', 'Entertainment Vendor', 'Food Vendor']","[31331, 28482, 8525, 5113, 3586]",31750.939896849246,0.34992917015256
user_002_v9,2026-07,54931,83375,0.34115742128935533,6013.304347826087,54931,0.028199013307604087,"['Travel Vendor', 'Landlord', 'Food Vendor', 'Adobe', 'Investment Vendor']","[29439, 12028, 3539, 2987, 2429]",29855.678923782656,0.3187155476251151
user_002_v9,2026-08,116979,129907,0.09951734702517955,11756.47619047619,116979,0.04223835047316185,"['Travel Vendor', 'Landlord', 'Investment Vendor', 'Entertainment Vendor', 'Adobe']","[58718, 30078, 10186, 6458, 3260]",26149.679692110953,0.23032668644456636
user_003_v1,2025-10,15000,15000,0.0,2142.8571428571427,111,0.19693333333333332,"['Book Store', 'Concert Tickets', 'Amazon', 'Movie & Dinner', 'Gaming Store']","[3949, 2820, 2031, 1601, 1354]",0.0,0.0
user_003_v1,2025-11,7965,15000,0.469,3280.714285714286,7965,0.0,"['Entertainment Vendor', 'Education Vendor', 'Health Vendor', 'Utilities Vendor']","[3346, 2246, 1343, 1030]",0.0,0.0
user_003_v1,2025-12,13040,15000,0.13066666666666665,2804.0,13040,0.3679447852760736,"['Food Vendor', 'Utilities Vendor', 'Entertainment Vendor', 'Shopping Vendor', 'Education Vendor']","[4831, 3349, 2068, 2054, 738]",0.0,0.0
user_003_v1,2026-01,11877,15000,0.2082,8959.0,11877,0.0,"['Health Vendor', 'Spotify']","[9529, 2348]",0.0,0.0
user_003_v1,2026-02,12408,15000,0.1728,1827.2,12408,0.08470341715022565,"['Shopping Vendor', 'Education Vendor', 'Entertainment Vendor', 'Health Vendor', 'Food Vendor']","[4115, 2731, 1842, 1639, 1401]",0.0,0.0
user_003_v1,2026-03,12808,15000,0.14613333333333334,3972.5714285714284,12808,0.0,"['Shopping Vendor', 'Entertainment Vendor', 'Health Vendor', 'Food Vendor']","[6349, 3333, 1985, 1141]",0.0,0.0
user_003_v1,2026-04,14180,15000,0.05466666666666667,2652.7272727272725,14180,0.0,"['Shopping Vendor', 'Education Vendor', 'Entertainment Vendor', 'Food Vendor', 'Transport Vendor']","[6963, 2563, 2365, 1672, 617]",0.0,0.0
user_003_v1,2026-05,11391,15000,0.2406,3770.1428571428573,11391,0.09288034413133175,"['Education Vendor', 'Shopping Vendor', 'Entertainment Vendor', 'Transport Vendor']","[5055, 3973, 1305, 1058]",0.0,0.0
user_003_v1,2026-06,12905,15000,0.13966666666666666,3488.125,12905,0.03479271600154979,"['Food Vendor', 'Utilities Vendor', 'Health Vendor', 'Shopping Vendor', 'Transport Vendor']","[3985, 3948, 2236, 2145, 591]",0.0,0.0
user_003_v1,2026-07,13416,15000,0.1056,2583.2727272727275,13416,0.13073941562313654,"['Food Vendor', 'Health Vendor', 'Shopping Vendor', 'Utilities Vendor', 'Transport Vendor']","[4921, 3874, 2842, 1171, 311]",0.0,0.0
user_003_v1,2026-08,8908,15000,0.40613333333333335,2173.4545454545455,8908,0.0,"['Shopping Vendor', 'Entertainment Vendor', 'Food Vendor']","[4555, 2618, 1735]",0.0,0.0
user_003_v10,2025-10,15000,15000,0.0,2142.8571428571427,111,0.19693333333333332,"['Book Store', 'Concert Tickets', 'Amazon', 'Movie & Dinner', 'Gaming Store']","[3949, 2820, 2031, 1601, 1354]",0.0,0.0
user_003_v10,2025-11,10232,15000,0.3178666666666667,2102.6666666666665,10232,0.19302189210320564,"['Subscriptions Vendor', 'Education Vendor', 'Food Vendor', 'Transport Vendor']","[4358, 2268, 2042, 1564]",0.0,0.0
user_003_v10,2025-12,11186,15000,0.25426666666666664,2380.5454545454545,11186,0.0,"['Investment Vendor', 'Subscriptions Vendor', 'Utilities Vendor', 'Entertainment Vendor', 'Food Vendor']","[3893, 3716, 1070, 922, 847]",0.0,0.0
user_003_v10,2026-01,11728,15000,0.21813333333333335,2227.3333333333335,11728,0.1828956343792633,"['Subscriptions Vendor', 'Entertainment Vendor', 'Utilities Vendor', 'Food Vendor']","[6624, 2567, 1840, 697]",0.0,0.0
user_003_v10,2026-02,14050,15000,0.06333333333333334,1613.888888888889,14050,0.12448398576512455,"['Investment Vendor', 'Food Vendor', 'Subscriptions Vendor', 'Utilities Vendor', 'Spotify']","[3716, 3031, 2619, 1645, 1123]",0.0,0.0
user_003_v10,2026-03,10338,15000,0.3108,2533.8,10338,0.0,"['Investment Vendor', 'Subscriptions Vendor', 'Shopping Vendor', 'Food Vendor']","[3977, 3670, 2125, 566]",0.0,0.0
user_003_v10,2026-04,11449,15000,0.23673333333333332,1889.2142857142858,11449,0.09197309808716919,"['Subscriptions Vendor', 'Entertainment Vendor', 'Food Vendor', 'Education Vendor', 'Utilities Vendor']","[5174, 2098, 1580, 1395, 1202]",0.0,0.0
user_003_v10,2026-05,12050,15000,0.19666666666666666,2254.1666666666665,12050,0.026473029045643155,"['Education Vendor', 'Entertainment Vendor', 'Subscriptions Vendor', 'Shopping Vendor', 'Food Vendor']","[3180, 3138, 2592, 2416, 724]",0.0,0.0
user_003_v10,2026-06,9860,15000,0.3426666666666667,3107.5,9860,0.20922920892494928,"['Investment Vendor', 'Subscriptions Vendor', 'Entertainment Vendor']","[4907, 2890, 2063]",0.0,0.0
user_003_v10,2026-07,13171,15000,0.12193333333333334,2167.0,13171,0.0,"['Subscriptions Vendor', 'Education Vendor', 'Food Vendor', 'Shopping Vendor', 'Spotify']","[5462, 4828, 902, 889, 605]",0.0,0.0
user_003_v10,2026-08,11208,15000,0.2528,1638.0,11208,0.20315845824411136,"['Subscriptions Vendor', 'Entertainment Vendor', 'Transport Vendor', 'Food Vendor']","[7709, 2615, 502, 382]",0.0,0.0
user_003_v2,2025-10,15000,15000,0.0,2142.8571428571427,111,0.19693333333333332,"['Book Store', 'Concert Tickets', 'Amazon', 'Movie & Dinner', 'Gaming Store']","[3949, 2820, 2031, 1601, 1354]",0.0,0.0
user_003_v2,2025-11,10278,15000,0.3148,1404.3333333333333,10278,0.17766102354543686,"['Food Vendor', 'Shopping Vendor', 'Entertainment Vendor', 'Transport Vendor', 'Spotify']","[5053, 3151, 975, 782, 317]",0.0,0.0
user_003_v2,2025-12,15000,15000,0.0,3000.0,15000,0.03526666666666667,"['Shopping Vendor', 'Travel Vendor', 'Entertainment Vendor']","[7725, 3885, 3390]",0.0,0.0
user_003_v2,2026-01,13292,15000,0.11386666666666667,3536.5,13292,0.1343665362624135,"['Travel Vendor', 'Shopping Vendor', 'Entertainment Vendor', 'Transport Vendor', 'Food Vendor']","[8802, 1893, 1751, 594, 252]",0.0,0.0
user_003_v2,2026-02,10063,15000,0.32913333333333333,2506.3,10063,0.31461790718473615,"['Food Vendor', 'Entertainment Vendor', 'Spotify']","[5269, 4360, 434]",0.0,0.0
user_003_v2,2026-03,13624,15000,0.09173333333333333,1908.2666666666667,13624,0.18107751027598357,"['Entertainment Vendor', 'Shopping Vendor', 'Travel Vendor', 'Food Vendor']","[5474, 3251, 2464, 2435]",0.0,0.0
user_003_v2,2026-04,9859,15000,0.34273333333333333,2762.1111111111113,9859,0.1977888223957805,"['Entertainment Vendor', 'Shopping Vendor', 'Food Vendor', 'Spotify']","[4022, 3705, 1950, 182]",0.0,0.0
user_003_v2,2026-05,11188,15000,0.2541333333333333,2909.777777777778,11188,0.0,"['Shopping Vendor', 'Education Vendor', 'Transport Vendor', 'Entertainment Vendor']","[7309, 2494, 956, 429]",0.0,0.0
user_003_v2,2026-06,15000,15000,0.0,2500.0,15000,0.0912,"['Shopping Vendor', 'Entertainment Vendor', 'Food Vendor', 'Transport Vendor', 'Spotify']","[8041, 3501, 2905, 308, 245]",0.0,0.0
user_003_v2,2026-07,14651,15000,0.023266666666666668,2280.846153846154,14651,0.10108525015357314,"['Travel Vendor', 'Shopping Vendor', 'Education Vendor', 'Food Vendor', 'Entertainment Vendor']","[4262, 3362, 2924, 2285, 1317]",0.0,0.0
user_003_v2,2026-08,13315,15000,0.11233333333333333,2359.5833333333335,13315,0.020127675553886594,"['Education Vendor', 'Shopping Vendor', 'Food Vendor', 'Entertainment Vendor', 'Spotify']","[5925, 3121, 2367, 1592, 310]",0.0,0.0
user_003_v3,2025-10,15000,15000,0.0,2142.8571428571427,111,0.19693333333333332,"['Book Store', 'Concert Tickets', 'Amazon', 'Movie & Dinner', 'Gaming Store']","[3949, 2820, 2031, 1601, 1354]",0.0,0.0
user_003_v3,2025-11,15000,15000,0.0,5000.0,15000,0.0,"['Shopping Vendor', 'Entertainment Vendor', 'Other Vendor', 'Food Vendor']","[9551, 4806, 510, 133]",0.0,0.0
user_003_v3,2025-12,15044,15000,-0.0029333333333333334,3755.5,15044,0.29633076309492157,"['Entertainment Vendor', 'Food Vendor', 'Other Vendor', 'Utilities Vendor']","[8796, 3809, 1505, 934]",0.0,0.0
user_003_v3,2026-01,15000,15000,0.0,3333.3333333333335,15000,0.2688,"['Entertainment Vendor', 'Shopping Vendor', 'Utilities Vendor', 'Food Vendor', 'Spotify']","[7868, 4372, 1274, 1117, 369]",0.0,0.0
user_003_v3,2026-02,15027,15000,-0.0018,5004.5,14147,0.0,"['Shopping Vendor', 'Other Vendor', 'Entertainment Vendor', 'Transport Vendor']","[11120, 1678, 1349, 880]",0.0,0.0
user_003_v3,2026-03,15000,15000,0.0,2727.2727272727275,15000,0.5051333333333333,"['Entertainment Vendor', 'Other Vendor', 'Food Vendor', 'Utilities Vendor']","[8719, 2420, 2366, 1495]",0.0,0.0
user_003_v3,2026-04,15000,15000,0.0,6000.0,7739,0.10353333333333334,"['Education Vendor', 'Shopping Vendor', 'Food Vendor', 'Other Vendor']","[7261, 4581, 1605, 1553]",0.0,0.0
user_003_v3,2026-05,15814,15000,-0.054266666666666664,3851.75,10103,0.0,"['Education Vendor', 'Shopping Vendor', 'Entertainment Vendor', 'Utilities Vendor', 'Spotify']","[5711, 4275, 4016, 1090, 454]",0.0,0.0
user_003_v3,2026-06,15046,15000,-0.0030666666666666668,3755.75,15046,0.10268509902964243,"['Utilities Vendor', 'Shopping Vendor', 'Other Vendor', 'Food Vendor', 'Spotify']","[9111, 3154, 1198, 949, 634]",0.0,0.0
user_003_v3,2026-07,15000,15000,0.0,3750.0,15000,0.184,"['Food Vendor', 'Entertainment Vendor', 'Other Vendor', 'Shopping Vendor']","[8067, 3520, 2828, 585]",0.0,0.0
user_003_v3,2026-08,15000,15000,0.0,5000.0,15000,0.0,"['Shopping Vendor', 'Entertainment Vendor', 'Food Vendor', 'Other Vendor']","[6748, 4741, 1791, 1720]",0.0,0.0
user_003_v4,2025-10,15000,15000,0.0,2142.8571428571427,111,0.19693333333333332,"['Book Store', 'Concert Tickets', 'Amazon', 'Movie & Dinner', 'Gaming Store']","[3949, 2820, 2031, 1601, 1354]",0.0,0.0
user_003_v4,2025-11,9679,15000,0.35473333333333334,2243.5454545454545,9679,0.2184109928711644,"['Entertainment Vendor', 'Shopping Vendor', 'Food Vendor', 'Transport Vendor', 'Spotify']","[5509, 2660, 901, 445, 164]",0.0,0.0
user_003_v4,2025-12,11473,15000,0.23513333333333333,1654.5625,11473,0.12446613788895668,"['Food Vendor', 'Shopping Vendor', 'Entertainment Vendor', 'Spotify', 'Subscriptions Vendor']","[5117, 4710, 1049, 306, 291]",0.0,0.0
user_003_v4,2026-01,10418,15000,0.30546666666666666,1815.5714285714287,10418,0.33182952582069497,"['Entertainment Vendor', 'Food Vendor', 'Transport Vendor']","[6366, 3658, 394]",0.0,0.0
user_003_v4,2026-02,12945,15000,0.137,2328.75,12945,0.589803012746234,"['Food Vendor', 'Entertainment Vendor', 'Transport Vendor']","[6944, 3128, 2873]",0.0,0.0
user_003_v4,2026-03,10310,15000,0.31266666666666665,2300.909090909091,10310,0.6553831231813773,"['Entertainment Vendor', 'Food Vendor', 'Spotify', 'Transport Vendor']","[4691, 4399, 889, 331]",0.0,0.0
user_003_v4,2026-04,11237,15000,0.2508666666666667,2385.181818181818,11237,0.18545875233603276,"['Education Vendor', 'Food Vendor', 'Entertainment Vendor', 'Shopping Vendor', 'Subscriptions Vendor']","[4186, 2632, 2357, 1493, 569]",0.0,0.0
user_003_v4,2026-05,10907,15000,0.27286666666666665,1619.1875,10907,0.33107178875951226,"['Food Vendor', 'Entertainment Vendor', 'Shopping Vendor', 'Education Vendor', 'Transport Vendor']","[4562, 2833, 1943, 1088, 313]",0.0,0.0
user_003_v4,2026-06,12160,15000,0.18933333333333333,3017.777777777778,12160,0.36373355263157897,"['Food Vendor', 'Entertainment Vendor', 'Transport Vendor', 'Spotify']","[8649, 1833, 905, 773]",0.0,0.0
user_003_v4,2026-07,12325,15000,0.17833333333333334,2277.0833333333335,12325,0.026044624746450303,"['Food Vendor', 'Education Vendor', 'Entertainment Vendor', 'Shopping Vendor']","[4436, 3896, 2437, 1556]",0.0,0.0
user_003_v4,2026-08,15000,15000,0.0,1578.9473684210527,15000,0.175,"['Entertainment Vendor', 'Food Vendor', 'Shopping Vendor', 'Transport Vendor', 'Education Vendor']","[3753, 3516, 2904, 1928, 1588]",0.0,0.0
user_003_v5,2025-10,15000,15000,0.0,2142.8571428571427,111,0.19693333333333332,"['Book Store', 'Concert Tickets', 'Amazon', 'Movie & Dinner', 'Gaming Store']","[3949, 2820, 2031, 1601, 1354]",0.0,0.0
user_003_v5,2025-11,10656,15000,0.2896,2138.0,10656,0.0,"['Entertainment Vendor', 'Subscriptions Vendor', 'Education Vendor', 'Food Vendor', 'Transport Vendor']","[5714, 2730, 1556, 440, 216]",0.0,0.0
user_003_v5,2025-12,13033,15000,0.13113333333333332,1868.8666666666666,13033,0.1408731681117164,"['Subscriptions Vendor', 'Food Vendor', 'Travel Vendor', 'Entertainment Vendor', 'Shopping Vendor']","[4102, 3415, 2009, 1791, 1716]",0.0,0.0
user_003_v5,2026-01,13768,15000,0.08213333333333334,1798.0,13768,0.0,"['Subscriptions Vendor', 'Shopping Vendor', 'Entertainment Vendor', 'Utilities Vendor', 'Food Vendor']","[4288, 3045, 2538, 1256, 1227]",0.0,0.0
user_003_v5,2026-02,11974,15000,0.20173333333333332,2452.181818181818,11974,0.2782695840988809,"['Subscriptions Vendor', 'Food Vendor', 'Utilities Vendor', 'Entertainment Vendor', 'Transport Vendor']","[6310, 3110, 989, 986, 579]",0.0,0.0
user_003_v5,2026-03,12622,15000,0.15853333333333333,1534.5555555555557,12622,0.10259863729995246,"['Subscriptions Vendor', 'Shopping Vendor', 'Entertainment Vendor', 'Transport Vendor', 'Travel Vendor']","[5278, 2529, 1301, 1295, 689]",0.0,0.0
user_003_v5,2026-04,10564,15000,0.29573333333333335,4260.666666666667,10564,0.0,"['Food Vendor', 'Subscriptions Vendor']","[5583, 4981]",0.0,0.0
user_003_v5,2026-05,13450,15000,0.10333333333333333,1896.6666666666667,11317,0.0,"['Subscriptions Vendor', 'Investment Vendor', 'Food Vendor', 'Education Vendor', 'Entertainment Vendor']","[5930, 2133, 1760, 1567, 1483]",0.0,0.0
user_003_v5,2026-06,13375,15000,0.10833333333333334,1891.6666666666667,13375,0.2142056074766355,"['Subscriptions Vendor', 'Shopping Vendor', 'Entertainment Vendor', 'Food Vendor', 'Spotify']","[4363, 4100, 2628, 1292, 593]",0.0,0.0
user_003_v5,2026-07,10037,15000,0.33086666666666664,2086.4166666666665,8670,0.1634950682474843,"['Shopping Vendor', 'Entertainment Vendor', 'Food Vendor', 'Utilities Vendor', 'Investment Vendor']","[2071, 1948, 1554, 1433, 1367]",0.0,0.0
user_003_v5,2026-08,15311,15000,-0.020733333333333333,2165.0714285714284,15311,0.09914440598262687,"['Shopping Vendor', 'Subscriptions Vendor', 'Travel Vendor', 'Entertainment Vendor', 'Spotify']","[4594, 3720, 3069, 2559, 984]",0.0,0.0
user_003_v6,2025-10,15000,15000,0.0,2142.8571428571427,111,0.19693333333333332,"['Book Store', 'Concert Tickets', 'Amazon', 'Movie & Dinner', 'Gaming Store']","[3949, 2820, 2031, 1601, 1354]",0.0,0.0
user_003_v6,2025-11,10740,15000,0.284,2574.0,10376,0.10931098696461825,"['Entertainment Vendor', 'Shopping Vendor', 'Health Vendor', 'Food Vendor', 'Transport Vendor']","[4671, 3197, 1311, 1197, 364]",0.0,0.0
user_003_v6,2025-12,12845,15000,0.14366666666666666,2531.3636363636365,12845,0.10400934215648112,"['Food Vendor', 'Utilities Vendor', 'Entertainment Vendor', 'Shopping Vendor', 'Health Vendor']","[3688, 3168, 2804, 2178, 1007]",0.0,0.0
user_003_v6,2026-01,12650,15000,0.15666666666666668,3072.222222222222,11923,0.20727272727272728,"['Utilities Vendor', 'Entertainment Vendor', 'Food Vendor', 'Education Vendor', 'Spotify']","[5198, 4326, 1984, 727, 415]",0.0,0.0
user_003_v6,2026-02,8352,15000,0.4432,7784.0,8352,0.0,"['Utilities Vendor', 'Spotify']","[6052, 2300]",0.0,0.0
user_003_v6,2026-03,10652,15000,0.28986666666666666,3664.5714285714284,10652,0.4586932031543372,"['Health Vendor', 'Entertainment Vendor', 'Spotify']","[4988, 4886, 778]",0.0,0.0
user_003_v6,2026-04,8961,15000,0.4026,3423.0,8961,0.07722352416024997,"['Health Vendor', 'Entertainment Vendor', 'Food Vendor']","[4178, 2755, 2028]",0.0,0.0
user_003_v6,2026-05,12997,15000,0.13353333333333334,9332.333333333334,12997,0.0,"['Health Vendor', 'Spotify']","[10858, 2139]",0.0,0.0
user_003_v6,2026-06,12026,15000,0.19826666666666667,3860.8571428571427,12026,0.0,"['Health Vendor', 'Utilities Vendor', 'Shopping Vendor', 'Food Vendor', 'Entertainment Vendor']","[4181, 2655, 2010, 1719, 1461]",0.0,0.0
user_003_v6,2026-07,12167,15000,0.18886666666666665,3881.0,10529,0.4263170872030903,"['Utilities Vendor', 'Food Vendor', 'Entertainment Vendor', 'Transport Vendor', 'Spotify']","[4399, 3530, 2238, 1638, 362]",0.0,0.0
user_003_v6,2026-08,11857,15000,0.20953333333333332,2238.0833333333335,11857,0.16294172218942396,"['Health Vendor', 'Entertainment Vendor', 'Food Vendor', 'Shopping Vendor', 'Spotify']","[5768, 2712, 1576, 1494, 307]",0.0,0.0
user_003_v7,2025-10,15000,15000,0.0,2142.8571428571427,111,0.19693333333333332,"['Book Store', 'Concert Tickets', 'Amazon', 'Movie & Dinner', 'Gaming Store']","[3949, 2820, 2031, 1601, 1354]",0.0,0.0
user_003_v7,2025-11,14606,15000,0.026266666666666667,1850.375,14606,0.0999589209913734,"['Travel Vendor', 'Shopping Vendor', 'Food Vendor', 'Entertainment Vendor', 'Health Vendor']","[5035, 3178, 2728, 1908, 858]",0.0,0.0
user_003_v7,2025-12,15000,15000,0.0,2500.0,15000,0.08213333333333334,"['Travel Vendor', 'Entertainment Vendor', 'Food Vendor', 'Transport Vendor', 'Health Vendor']","[9351, 3560, 630, 602, 432]",0.0,0.0
user_003_v7,2026-01,11740,15000,0.21733333333333332,1671.25,11740,0.14284497444633731,"['Shopping Vendor', 'Food Vendor', 'Health Vendor', 'Transport Vendor', 'Entertainment Vendor']","[4536, 3357, 2219, 569, 547]",0.0,0.0
user_003_v7,2026-02,15000,15000,0.0,2142.8571428571427,15000,0.18913333333333332,"['Travel Vendor', 'Entertainment Vendor', 'Food Vendor', 'Transport Vendor', 'Education Vendor']","[8920, 2231, 2200, 764, 596]",0.0,0.0
user_003_v7,2026-03,12749,15000,0.15006666666666665,2522.6363636363635,12749,0.08149658796768373,"['Travel Vendor', 'Shopping Vendor', 'Health Vendor', 'Transport Vendor', 'Subscriptions Vendor']","[5280, 4110, 1827, 1039, 367]",0.0,0.0
user_003_v7,2026-04,14560,15000,0.029333333333333333,2956.0,14560,0.053708791208791205,"['Travel Vendor', 'Shopping Vendor', 'Transport Vendor', 'Subscriptions Vendor', 'Spotify']","[7271, 5958, 782, 332, 217]",0.0,0.0
user_003_v7,2026-05,13687,15000,0.08753333333333334,4098.142857142857,13687,0.36786731935413164,"['Entertainment Vendor', 'Food Vendor', 'Spotify']","[8264, 4502, 921]",0.0,0.0
user_003_v7,2026-06,15772,15000,-0.05146666666666667,3077.2,15772,0.0,"['Shopping Vendor', 'Travel Vendor', 'Food Vendor', 'Education Vendor', 'Health Vendor']","[6626, 5171, 2085, 991, 899]",0.0,0.0
user_003_v7,2026-07,15000,15000,0.0,2307.6923076923076,15000,0.03913333333333333,"['Travel Vendor', 'Shopping Vendor', 'Education Vendor', 'Transport Vendor', 'Health Vendor']","[6820, 4275, 1176, 950, 715]",0.0,0.0
user_003_v7,2026-08,12616,15000,0.15893333333333334,2124.3076923076924,12616,0.09202599873176918,"['Travel Vendor', 'Entertainment Vendor', 'Food Vendor', 'Shopping Vendor', 'Subscriptions Vendor']","[4780, 2790, 2667, 1302, 462]",0.0,0.0
user_003_v8,2025-10,15000,15000,0.0,2142.8571428571427,111,0.19693333333333332,"['Book Store', 'Concert Tickets', 'Amazon', 'Movie & Dinner', 'Gaming Store']","[3949, 2820, 2031, 1601, 1354]",0.0,0.0
user_003_v8,2025-11,14827,15000,0.011533333333333333,2485.5833333333335,14827,0.4828353679098941,"['Entertainment Vendor', 'Investment Vendor', 'Food Vendor', 'Transport Vendor']","[5471, 3942, 3317, 2097]",0.0,0.0
user_003_v8,2025-12,15000,15000,0.0,3000.0,15000,0.0882,"['Shopping Vendor', 'Entertainment Vendor', 'Food Vendor', 'Transport Vendor', 'Spotify']","[9267, 2670, 2049, 856, 158]",0.0,0.0
user_003_v8,2026-01,15000,15000,0.0,5000.0,5675,0.0,"['Health Vendor', 'Investment Vendor', 'Entertainment Vendor']","[9325, 2868, 2807]",0.0,0.0
user_003_v8,2026-02,15000,15000,0.0,10000.0,15000,0.0,"['Entertainment Vendor', 'Spotify']","[14620, 380]",0.0,0.0
user_003_v8,2026-03,14909,15000,0.006066666666666666,2136.3571428571427,13887,0.6994432892883493,"['Food Vendor', 'Transport Vendor', 'Entertainment Vendor', 'Education Vendor', 'Spotify']","[5883, 3774, 3652, 1022, 578]",0.0,0.0
user_003_v8,2026-04,15000,15000,0.0,7500.0,15000,0.0,"['Shopping Vendor', 'Spotify', 'Food Vendor']","[13755, 734, 511]",0.0,0.0
user_003_v8,2026-05,15000,15000,0.0,5000.0,1785,0.0164,"['Education Vendor', 'Entertainment Vendor', 'Food Vendor', 'Transport Vendor']","[13215, 901, 546, 338]",0.0,0.0
user_003_v8,2026-06,15000,15000,0.0,6000.0,15000,0.0,"['Shopping Vendor', 'Transport Vendor', 'Spotify']","[13580, 1060, 360]",0.0,0.0
user_003_v8,2026-07,15000,15000,0.0,7500.0,15000,0.0,"['Investment Vendor', 'Spotify', 'Transport Vendor']","[14332, 427, 241]",0.0,0.0
user_003_v8,2026-08,15000,15000,0.0,7500.0,8900,0.0,"['Entertainment Vendor', 'Health Vendor', 'Shopping Vendor']","[6211, 6100, 2689]",0.0,0.0
user_003_v9,2025-10,15000,15000,0.0,2142.8571428571427,111,0.19693333333333332,"['Book Store', 'Concert Tickets', 'Amazon', 'Movie & Dinner', 'Gaming Store']","[3949, 2820, 2031, 1601, 1354]",0.0,0.0
user_003_v9,2025-11,12310,15000,0.17933333333333334,1950.7142857142858,12310,0.2322502030869212,"['Shopping Vendor', 'Entertainment Vendor', 'Utilities Vendor', 'Food Vendor', 'Travel Vendor']","[3718, 3160, 2631, 1441, 938]",0.0,0.0
user_003_v9,2025-12,10180,15000,0.32133333333333336,1798.5714285714287,10180,0.20510805500982318,"['Food Vendor', 'Entertainment Vendor', 'Utilities Vendor', 'Other Vendor', 'Education Vendor']","[3826, 3805, 876, 843, 830]",0.0,0.0
user_003_v9,2026-01,12290,15000,0.18066666666666667,2729.0,12290,0.19235150528885273,"['Education Vendor', 'Travel Vendor', 'Entertainment Vendor', 'Other Vendor', 'Food Vendor']","[4604, 3864, 1775, 815, 643]",0.0,0.0
user_003_v9,2026-02,10658,15000,0.28946666666666665,2850.8888888888887,10658,0.25089134922124223,"['Entertainment Vendor', 'Food Vendor', 'Utilities Vendor', 'Spotify']","[7148, 2155, 976, 379]",0.0,0.0
user_003_v9,2026-03,13905,15000,0.073,1521.3157894736842,13905,0.2508450197770586,"['Entertainment Vendor', 'Shopping Vendor', 'Food Vendor', 'Other Vendor', 'Utilities Vendor']","[4993, 2215, 2039, 2021, 1948]",0.0,0.0
user_003_v9,2026-04,13546,15000,0.09693333333333333,2595.090909090909,13546,0.17754318618042225,"['Education Vendor', 'Entertainment Vendor', 'Utilities Vendor', 'Food Vendor', 'Transport Vendor']","[5022, 4075, 2514, 898, 815]",0.0,0.0
user_003_v9,2026-05,11176,15000,0.25493333333333335,1745.0666666666666,11176,0.018700787401574805,"['Utilities Vendor', 'Food Vendor', 'Shopping Vendor', 'Other Vendor', 'Entertainment Vendor']","[6085, 2051, 1442, 1097, 292]",0.0,0.0
user_003_v9,2026-06,8816,15000,0.41226666666666667,1984.6666666666667,8816,0.12862976406533574,"['Utilities Vendor', 'Food Vendor', 'Other Vendor', 'Entertainment Vendor', 'Transport Vendor']","[4565, 1473, 1134, 660, 563]",0.0,0.0
user_003_v9,2026-07,12893,15000,0.14046666666666666,2145.6153846153848,12893,0.3386333669433026,"['Travel Vendor', 'Other Vendor', 'Food Vendor', 'Entertainment Vendor', 'Shopping Vendor']","[4022, 2899, 2641, 2224, 1019]",0.0,0.0
user_003_v9,2026-08,9926,15000,0.33826666666666666,3115.75,9926,0.08795083618778965,"['Utilities Vendor', 'Entertainment Vendor', 'Food Vendor', 'Transport Vendor', 'Spotify']","[4131, 2279, 1829, 873, 814]",0.0,0.0
