user_id,total_spending_x_mean,total_spending_x_median,total_spending_x_std,total_spending_x_max,total_income_mean,total_income_median,total_income_std,total_income_max,savings_rate_mean,savings_rate_median,savings_rate_std,savings_rate_max,monthly_avg_transaction_amount_mean,monthly_avg_transaction_amount_median,monthly_avg_transaction_amount_std,monthly_avg_transaction_amount_max,income_3m_cv_mean,income_3m_cv_median,income_3m_cv_std,income_3m_cv_max,total_spending_y_mean,total_spending_y_median,total_spending_y_std,total_spending_y_max,merchant_concentration_mean,merchant_concentration_median,merchant_concentration_std,merchant_concentration_max,total_spending_mean,total_spending_median,total_spending_std,total_spending_max,recurring_expense_total_mean,recurring_expense_total_median,recurring_expense_total_std,recurring_expense_total_max,recurring_to_spend_ratio_mean,recurring_to_spend_ratio_median,recurring_to_spend_ratio_std,recurring_to_spend_ratio_max,cash_vs_digital_ratio_mean,cash_vs_digital_ratio_median,cash_vs_digital_ratio_std,cash_vs_digital_ratio_max,avg_daily_spend_mean,avg_daily_spend_median,avg_daily_spend_std,avg_daily_spend_max,avg_weekend_fraction_mean,avg_weekend_fraction_median,avg_weekend_fraction_std,avg_weekend_fraction_max,mean_daily_spend_mean,mean_daily_spend_median,mean_daily_spend_std,mean_daily_spend_max,std_daily_spend_mean,std_daily_spend_median,std_daily_spend_std,std_daily_spend_max,spike_threshold_mean,spike_threshold_median,spike_threshold_std,spike_threshold_max,spike_count_mean,spike_count_median,spike_count_std,spike_count_max,max_spike_spend_mean,max_spike_spend_median,max_spike_spend_std,max_spike_spend_max,overspend_category_count_mean,overspend_category_count_median,overspend_category_count_std,overspend_category_count_max,top_overspend_share_change_mean,top_overspend_share_change_median,top_overspend_share_change_std,top_overspend_share_change_max,prev_total_spending_mean,prev_total_spending_median,prev_total_spending_std,prev_total_spending_max,spend_change_pct_mean,spend_change_pct_median,spend_change_pct_std,spend_change_pct_max,stat_spend_zscore_mean,stat_spend_zscore_median,stat_spend_zscore_std,stat_spend_zscore_max,stat_income_zscore_mean,stat_income_zscore_median,stat_income_zscore_std,stat_income_zscore_max,stat_savings_zscore_mean,stat_savings_zscore_median,stat_savings_zscore_std,stat_savings_zscore_max,stat_spike_intensity_mean,stat_spike_intensity_median,stat_spike_intensity_std,stat_spike_intensity_max,comp_spending_change_pct_mean,comp_spending_change_pct_median,comp_spending_change_pct_std,comp_spending_change_pct_max,comp_income_change_pct_mean,comp_income_change_pct_median,comp_income_change_pct_std,comp_income_change_pct_max,comp_category_shift_count_mean,comp_category_shift_count_median,comp_category_shift_count_std,comp_category_shift_count_max,comp_cash_ratio_change_mean,comp_cash_ratio_change_median,comp_cash_ratio_change_std,comp_cash_ratio_change_max,comp_weekend_share_mean,comp_weekend_share_median,comp_weekend_share_std,comp_weekend_share_max,comp_trend_3mo_mean,comp_trend_3mo_median,comp_trend_3mo_std,comp_trend_3mo_max,comp_trend_strength_mean,comp_trend_strength_median,comp_trend_strength_std,comp_trend_strength_max,persona_cluster
user_001_v1,60588.454545454544,60377.0,10176.791855625588,77683,85000.0,85000.0,0.0,85000,0.28719465240641706,0.2896823529411764,0.11972696300735985,0.4091882352941176,11869.27547326411,11365.75,2937.6784927026683,17192.75,0.0,0.0,0.0,0.0,60588.454545454544,60377.0,10176.791855625588,77683,0.9157398903496159,0.9364847949340992,0.07693849253817148,0.9884283049750676,60588.454545454544,60377.0,10176.791855625588,77683,57211.09090909091,52542.0,14591.247783891175,77683,0.9461860478590881,1.0,0.17848068773754772,1.0,0.028755905181348133,0.0039308023117787,0.0437196334912003,0.118919134192238,6169.454960799747,6422.454545454545,1640.3930117409634,7979.777777777777,0.14895498144161246,0.2,0.08623394257153887,0.2352941176470588,6169.454960799747,6422.454545454545,1640.3930117409634,7979.777777777777,7379.952663217769,7108.48462683855,2516.576699996653,10748.114399412443,20929.36028723529,19355.869253677098,6532.4495820094,29002.22879882489,1.0,1.0,0.0,1.0,24829.81818181818,24871.0,7383.9882152964165,34163.0,0.8181818181818182,1.0,0.7507571935295484,2.0,14.522379158754942,10.103655760890083,14.327474497287767,37.54049851836648,54059.545454545456,52542.0,20277.169094149394,77683.0,0.05195745479404032,-0.0442122492482204,0.30905616496686394,0.5430132088588737,1.6148698540002277e-16,-0.020778114405244,0.9999999999999999,1.679757795684485,0.0,0.0,0.0,0.0,0.0,0.0207781144052439,1.0,1.01893157417015,4.05671791651847,4.21842754691356,0.669291420906068,4.839751697834167,0.05715320027344435,-0.09479144742621075,0.32526700078904613,0.5430132088588737,0.0,0.0,0.0,0.0,0.0,0.0,0.0,0,0.00993205046088725,-0.00196540115588935,0.04642109426772005,0.118919134192238,0.0,0.0,0.0,0.0,60342.81481481482,60456.333333333336,2034.5357244829875,63313.66666666666,0.016623779154597347,-0.0070280078722459,0.16474292632206733,0.2369576178976142,2
user_001_v10,64958.09090909091,64824.0,10197.419177954249,76791,85000.0,85000.0,0.0,85000,0.23578716577540104,0.2373647058823529,0.11996963738769705,0.4538588235294117,8061.05227062596,7999.222222222223,1709.025880159122,11947.454545454546,0.0,0.0,0.0,0.0,64958.09090909091,64824.0,10197.419177954249,76791,0.836219533030864,0.8423369002416292,0.07457801783309824,0.958941881004696,64958.09090909091,64824.0,10197.419177954249,76791,61580.72727272727,64824.0,15677.756517377791,76791,0.9461860478590881,1.0,0.17848068773754772,1.0,0.025866054173153574,0.0225956878258363,0.025631052875551386,0.0739279342631298,4779.5151022996615,4966.285714285715,700.4132159750138,5802.75,0.11305704099821745,0.125,0.06763267736629368,0.2352941176470588,4779.5151022996615,4966.285714285715,700.4132159750138,5802.75,6441.599016812449,6769.427777700269,1427.6218225561474,9118.748133121462,17662.71313592456,18814.353296791072,3373.616318174984,23656.13912338578,1.0,1.0,0.0,1.0,24935.0,26726.0,5826.8381992294935,36369.0,0.6363636363636364,1.0,0.674199862463242,2.0,10.510669677053464,10.618083143258923,11.486888766416293,32.346730969114205,59592.63636363636,64824.0,22152.871377195,76791.0,0.025219778355712718,0.0058814283094495,0.2578146028513158,0.4635558452513323,-2.62416351275037e-16,-0.0131494946663369,1.0,1.1603827286506567,0.0,0.0,0.0,0.0,-1.1102230246251565e-16,0.0131494946663365,0.9999999999999999,1.8177237382929197,5.233821408943185,5.333564748107202,1.076211940946227,7.172077261945104,0.027741756191283988,0.03922357235539115,0.271617388882776,0.4635558452513323,0.0,0.0,0.0,0.0,0.0,0.0,0.0,0,0.00155201626567267,-0.0004541491619527,0.04030374738487931,0.0555885105653761,0.0,0.0,0.0,0.0,65136.51851851851,66518.33333333333,3395.1374915339957,70071.0,-0.01003859416764358,-0.0260378322340249,0.1680869701128086,0.2554987339258229,2
user_001_v2,67933.18181818182,66887.0,8816.286358985644,81242,85000.0,85000.0,0.0,85000,0.20078609625668448,0.2130941176470588,0.10372101598806642,0.3538705882352941,8134.9652778287655,8010.85,1006.861011113063,9778.941176470587,0.0,0.0,0.0,0.0,67933.18181818182,66887.0,8816.286358985644,81242,0.8418464111177765,0.8568032652084859,0.0630264055147364,0.9139557235245248,67933.18181818182,66887.0,8816.286358985644,81242,64555.818181818184,66887.0,15544.681314315721,81242,0.9461860478590881,1.0,0.17848068773754772,1.0,0.04667084524644043,0.0416902587331675,0.034551501109938966,0.1221314858121881,4833.314589332236,5014.466666666666,899.037883960681,6328.833333333333,0.24927719339484045,0.25,0.054920999853756536,0.3076923076923077,4833.314589332236,5014.466666666666,899.037883960681,6328.833333333333,6263.850292842695,5884.857810422346,1747.7068161970974,10427.299233529053,17361.015175017626,16662.236054148285,4295.026554097925,27183.43180039144,1.1818181818181819,1.0,0.4045199174779453,2.0,23634.090909090908,23172.0,6385.491217667526,36847.0,0.9090909090909091,1.0,0.7006490497453707,2.0,12.137883715386472,15.887441565103025,7.945120300464823,18.898338070165853,62940.36363636364,66887.0,22245.58113546476,81242.0,-0.004219916643353385,-0.0095989255523661,0.13826722528487037,0.3499385198232029,-5.853903220750825e-16,-0.1186646821102339,1.0000000000000002,1.509571903622856,0.0,0.0,0.0,0.0,-1.8167285857502563e-16,0.1186646821102332,1.0,1.4759254961041135,4.882904760943487,4.703946234706186,0.8162028603545156,5.954502093809116,-0.004641908307688724,-0.0373934412602184,0.14573898563819362,0.3499385198232029,0.0,0.0,0.0,0.0,0.0,0.0,0.0,0,0.003399428269696479,-0.0060133399465784505,0.04526691401897851,0.0886550110790826,0.0,0.0,0.0,0.0,69543.44444444444,69445.0,6403.331587280692,77468.33333333333,-0.014822025849132435,-0.0290613368903422,0.0885831002289825,0.169875440996472,2
user_001_v3,84232.09090909091,85000.0,8557.728407171444,93619,85000.0,85000.0,0.0,85000,0.009034224598930489,0.0,0.10067915773142874,0.2616470588235294,8066.981877563914,8208.888888888889,1912.6406479393918,11333.333333333334,0.0,0.0,0.0,0.0,84232.09090909091,85000.0,8557.728407171444,93619,0.8839443766225912,0.8992,0.08822096625248702,0.9793647058823528,84232.09090909091,85000.0,8557.728407171444,93619,80854.72727272728,85000.0,18927.468975491196,93619,0.9461860478590881,1.0,0.17848068773754772,1.0,0.045511738481716975,0.0475764705882352,0.034763861506493354,0.1018810284237174,6920.056176503235,6584.214285714285,1558.8242640840929,9444.444444444443,0.558536561477738,0.5714285714285714,0.13715161624428132,0.8,6920.056176503235,6584.214285714285,1558.8242640840929,9444.444444444443,7660.862367469081,7010.206051369179,2718.924953588353,13517.180637988084,22241.780911441398,20604.62638845264,6742.520493587104,35534.361275976175,0.8181818181818182,1.0,0.40451991747794525,1.0,22087.727272727272,25002.0,13377.024983836347,44530.0,1.0,1.0,1.0,2.0,13.553926629233816,13.271107899538718,15.884482779831593,44.17419000718628,76504.81818181818,85000.0,26776.826599947133,93619.0,0.03502444692825621,0.0,0.1321235712235209,0.3543658381134481,-3.2802043909379626e-16,0.0897328186140581,0.9999999999999999,1.0968926149891347,0.0,0.0,0.0,0.0,6.30808536718839e-17,-0.0897328186140585,0.9999999999999998,2.509087679283807,3.301945128609692,3.844788235294118,1.779409610413147,5.238823529411765,0.038526891621081825,0.0339930151338766,0.13873115393838173,0.3543658381134481,0.0,0.0,0.0,0.0,0.0,0.0,0.0,0,0.00475764705882352,0.0204503570034485,0.05440135616922694,0.0762288229153968,0.0,0.0,0.0,0.0,85708.85185185185,87351.0,3314.726719551495,90579.33333333331,0.010993248774856723,-0.0169774816544744,0.0749287499747528,0.1525304348188497,2
user_001_v4,60904.36363636364,62457.0,8639.08760544454,78128,85000.0,85000.0,0.0,85000,0.2834780748663101,0.2652117647058823,0.10163632476993575,0.4154117647058823,7885.071749825057,8080.058823529412,1431.7106014266137,11319.916666666666,0.0,0.0,0.0,0.0,60904.36363636364,62457.0,8639.08760544454,78128,0.8470647366471511,0.8715818028748714,0.06439796474627571,0.9199488917282374,60904.36363636364,62457.0,8639.08760544454,78128,57527.0,62336.0,13649.854277610439,78128,0.9461860478590881,1.0,0.17848068773754772,1.0,0.0372400703716877,0.0351979526747006,0.03465314209397633,0.0936003970731863,5481.636185383244,5236.1,1086.894087763466,7102.545454545455,0.5879192999513855,0.5833333333333334,0.1365781308142036,0.7,5481.636185383244,5236.1,1086.894087763466,7102.545454545455,6375.675009948867,6168.225084252358,2092.809638633678,11264.554047289112,18232.98620528098,17572.550168504717,5139.884754378561,29631.653549123683,0.9090909090909091,1.0,0.30151134457776363,1.0,21000.0,19050.0,10333.731426740293,41012.0,1.0909090909090908,1.0,0.7006490497453708,2.0,12.47077616111497,12.66623991652522,7.77347656525996,28.686809989465683,56387.09090909091,62457.0,20261.921485656516,78128.0,-0.006600400597216926,0.0,0.1767393766007838,0.2507327052066327,-4.037174635000569e-16,0.179722261718686,0.9999999999999998,1.993686966755801,0.0,0.0,0.0,0.0,2.8260222445003984e-16,-0.1797222617186862,0.9999999999999998,1.29809583471478,3.771718037568805,4.044372433264887,1.4754649803513218,5.774267868113864,-0.007260440656938619,-0.0035235202653578507,0.18628536967527617,0.2507327052066327,0.0,0.0,0.0,0.0,0.0,0.0,0.0,0,0.0038961561682430887,0.0131724655814645,0.04340594864164893,0.0661990579561744,0.0,0.0,0.0,0.0,61378.37037037037,61995.0,6274.828763587554,70077.0,-0.01857675431096659,-0.0688618850029638,0.10087196968084372,0.1437290899715803,2
user_001_v5,63285.818181818184,62760.0,10277.000825320409,75113,85000.0,85000.0,0.0,85000,0.2554609625668449,0.2616470588235294,0.12090589206259306,0.4194,8399.295784177983,8678.333333333334,1290.8748640529286,9766.285714285714,0.0,0.0,0.0,0.0,63285.818181818184,62760.0,10277.000825320409,75113,0.834154644687417,0.8264270227553646,0.05663901700790873,0.9086004718290314,63285.818181818184,62760.0,10277.000825320409,75113,58080.72727272727,55478.0,14994.07334976663,75113,0.918518949026711,1.0,0.18017107782443953,1.0,0.03512844410459382,0.028877903536732,0.03716316082265708,0.1043775132917712,5085.088727916468,5240.727272727273,1248.6532918577254,6473.636363636364,0.11999139452348005,0.1428571428571428,0.0756818578640885,0.2352941176470588,5085.088727916468,5240.727272727273,1248.6532918577254,6473.636363636364,6667.292868436084,5896.695804285992,1991.9650571026136,9659.718111829145,18419.674464788637,16434.028291751078,5074.086408752569,25785.43622365829,1.0909090909090908,1.0,0.30151134457776363,2.0,24532.363636363636,22910.0,6034.262643815354,35805.0,0.36363636363636365,0.0,0.504524979109513,1.0,5.326427851736744,0.0,7.588136157011889,17.905355228449103,56561.454545454544,57648.0,21094.467295305833,75113.0,0.03780043311938719,0.0,0.23212939466158544,0.442929221292375,-2.0185873175002846e-16,-0.0511645557644285,1.0,1.1508398237199788,0.0,0.0,0.0,0.0,-2.62416351275037e-16,0.0511645557644282,0.9999999999999999,1.3559226489002183,4.93403700495802,4.743272502319827,0.9845876399823337,6.465291164850266,0.04158047643132591,0.019783009121754347,0.24432873998436483,0.442929221292375,0.0,0.0,0.0,0.0,0.0,0.0,0.0,0,0.00792910447761193,0.0098089136956229,0.05656318465038152,0.0779720775668172,0.0,0.0,0.0,0.0,61758.29629629629,60659.0,5410.652662532304,73430.33333333333,0.00866585359893458,-0.0151630022744502,0.15098853138667043,0.2216818608945086,2
user_001_v6,60282.09090909091,59725.0,8182.491802067942,77708,85000.0,85000.0,0.0,85000,0.2907989304812834,0.2973529411764706,0.09626460943609345,0.4232705882352941,11184.168689005588,11002.785714285714,2086.921705158413,14791.636363636364,0.0,0.0,0.0,0.0,60282.09090909091,59725.0,8182.491802067942,77708,0.8961522887523459,0.9201755289030732,0.07278244307447869,0.9722862669245648,60282.09090909091,59725.0,8182.491802067942,77708,55067.818181818184,55188.0,13896.07913634765,77708,0.9119120847121626,1.0,0.17403299860977348,1.0,0.02879287383977774,0.0242544163844804,0.029171495965369127,0.0931992263056092,6110.676997349056,5272.0,1851.2873045129588,9713.5,0.1587411548641495,0.1818181818181818,0.09181527302382028,0.25,6110.676997349056,5272.0,1851.2873045129588,9713.5,8057.04253639016,7648.751433404017,2945.4983607037316,14881.21421457268,22224.762070129378,22201.402866808035,7558.493062934167,39475.928429145366,0.8181818181818182,1.0,0.40451991747794525,1.0,23155.81818181818,22575.0,14405.956440432421,48042.0,0.6363636363636364,1.0,0.504524979109513,1.0,13.198747700513234,14.577846042072617,11.671426924190289,30.755064163087265,55825.545454545456,59725.0,19895.235074578213,77708.0,-0.0035169266556139066,0.0,0.20421073757327315,0.4075241355576083,-3.6334571715005125e-16,-0.0680832834993026,1.0,2.1296579956859936,0.0,0.0,0.0,0.0,-2.220446049250313e-16,0.0680832834993025,1.0,1.3761200354939764,3.9971233692788215,4.497093391767327,2.132175670905876,6.465300427629195,-0.003868619321175297,-0.0390213990049584,0.21525350629530116,0.4075241355576083,0.0,0.0,0.0,0.0,0.0,0.0,0.0,0,0.002425441638448039,0.0018630939169697004,0.04643740539322746,0.0931992263056092,0.0,0.0,0.0,0.0,60960.444444444445,61317.333333333336,2919.703742581505,65847.33333333333,-0.02578407519017709,-0.0345889057592712,0.11598580480217283,0.1801237205252554,2
user_001_v7,64696.818181818184,65294.0,8802.273431542353,78818,85000.0,85000.0,0.0,85000,0.23886096256684486,0.231835294117647,0.10355615801814531,0.4207529411764706,7991.270698562156,8208.888888888889,1319.6659569004921,10279.6,0.0,0.0,0.0,0.0,64696.818181818184,65294.0,8802.273431542353,78818,0.8800780762885185,0.8932799374877906,0.06726994553946042,0.9719416998744472,64696.818181818184,65294.0,8802.273431542353,78818,61319.454545454544,65294.0,14742.571026545107,78818,0.9461860478590881,1.0,0.17848068773754772,1.0,0.04445550199447812,0.033456658091742,0.029842253623480284,0.092925603321782,4787.072759103642,4679.0,1429.892972980314,7881.8,0.2539597657244716,0.25,0.08282520721810373,0.4117647058823529,4787.072759103642,4679.0,1429.892972980314,7881.8,6486.022396431866,6465.654960352164,2323.0304302741674,12014.23000279252,17759.117551967374,17737.381349275758,6037.557856633241,31910.26000558504,1.0,1.0,0.0,1.0,23586.636363636364,22081.0,7986.469936996286,42025.0,0.6363636363636364,1.0,0.504524979109513,1.0,13.07830716766204,15.73249763997083,11.267515949198426,28.957796929739523,58761.0,64062.0,21383.51823250795,78818.0,0.02146773522626674,0.0,0.20561616777442746,0.42548135510602,-2.498001805406602e-16,0.067844043112982,0.9999999999999998,1.6042652989600974,0.0,0.0,0.0,0.0,2.4349209517347185e-16,-0.0678440431129823,1.0,1.756457385931161,4.933349156654173,4.952693765326596,0.8223580190333177,6.042957896986535,0.023614508748893415,-0.01848201040662505,0.21660848820987172,0.42548135510602,0.0,0.0,0.0,0.0,0.0,0.0,0.0,0,0.006404876405182719,0.00322269303726625,0.05398380252524554,0.092925603321782,0.0,0.0,0.0,0.0,64501.8148148148,62556.333333333336,6477.18779665114,73762.66666666667,0.006449863277349967,-0.0065977368858682,0.11063777165252141,0.1711423581368961,2
user_001_v8,85667.90909090909,86528.0,8365.317237912088,94161,85000.0,85000.0,0.0,85000,-0.007857754010695146,-0.0179764705882352,0.09841549691661274,0.2616470588235294,20280.15649255715,9858.833333333334,22732.330176158386,84369.0,0.0,0.0,0.0,0.0,85667.90909090909,86528.0,8365.317237912088,94161,0.92915372051135,0.9458895294130372,0.08785022511967772,1.0,85667.90909090909,86528.0,8365.317237912088,94161,82290.54545454546,86528.0,19122.272748622938,94161,0.9461860478590881,1.0,0.17848068773754772,1.0,0.02050802555315979,0.0155787721893491,0.02343555343599991,0.0662352761564749,13159.910329421024,9807.777777777776,10575.492205210214,41869.0,0.4877749998070854,0.5,0.15951365666726786,0.6666666666666666,13159.910329421024,9807.777777777776,10575.492205210214,41869.0,14761.386039319734,8361.792326392842,12236.42360346892,41869.0,42682.68240806049,25348.122155042554,34414.19143534732,125607.0,0.45454545454545453,0.0,0.5222329678670935,1.0,18034.363636363636,0.0,25429.54429899493,77668.0,1.0,1.0,0.6324555320336759,2.0,36.97738936359816,30.184914784767017,28.42729399532833,85.45576193965655,77940.63636363637,86528.0,27168.937573165153,94161.0,0.03386819616668742,0.0179764705882352,0.12190443419160753,0.3543658381134481,3.0531133177191805e-16,0.102816293109953,0.9999999999999999,1.015274217049384,0.0,0.0,0.0,0.0,-2.523234146875356e-18,-0.1028162931099522,1.0000000000000002,2.7384387751715105,1.8990271771902343,0.0,2.3513848378819096,6.283237795857988,0.03725501578335616,0.02911649247723635,0.12795187922419027,0.3543658381134481,0.0,0.0,0.0,0.0,0.0,0.0,0.0,0,0.0,1.168924064350041e-05,0.04334574640477914,0.0607625801506778,0.0,0.0,0.0,0.0,87458.14814814815,88336.0,3653.9847051278994,90966.66666666669,0.010733061451755335,-0.0102410764343112,0.05325659060393573,0.1079696783446015,2
user_001_v9,63010.72727272727,56998.0,12850.44248336149,82092,85000.0,85000.0,0.0,85000,0.25869732620320857,0.329435294117647,0.15118167627484105,0.4578,8969.319404572037,8354.6,1827.9085262834176,11833.166666666666,0.0,0.0,0.0,0.0,63010.72727272727,56998.0,12850.44248336149,82092,0.8836148073796465,0.9094923577669072,0.07271291044359697,0.9664023299063124,63010.72727272727,56998.0,12850.44248336149,82092,59633.36363636364,56337.0,17101.73272667262,82092,0.9461860478590881,1.0,0.17848068773754772,1.0,0.03408217627713096,0.0324221902522895,0.025724279157684524,0.0713211641319451,5767.43650677902,5729.0,1553.2274366640916,8196.7,0.530940420245233,0.5833333333333334,0.1341020754382298,0.7272727272727273,5767.43650677902,5729.0,1553.2274366640916,8196.7,6902.317942445478,7627.50882588076,1725.3315108974787,9232.022127356497,19572.07239166998,20984.01765176152,4798.16662145353,26130.244254713,1.0,1.0,0.0,1.0,23777.363636363636,23560.0,4971.948114627249,33465.0,0.6363636363636364,1.0,0.504524979109513,1.0,10.131797076329029,12.931396798678607,8.544628141839835,23.65600627200726,55559.181818181816,56337.0,21567.497234580478,82092.0,0.06963614575959313,0.1054479160605884,0.3227086220735177,0.5625559129756171,8.074349270001139e-17,-0.467900407360481,1.0,1.4848728167904568,0.0,0.0,0.0,0.0,-2.62416351275037e-16,0.4679004073604805,1.0000000000000002,1.316976228222475,4.258728903129232,4.365265711825938,0.8517972866717933,6.074858419944887,0.07659976033555245,0.11211163785323774,0.33929247225005815,0.5625559129756171,0.0,0.0,0.0,0.0,0.0,0.0,0.0,0,0.0016006441616748198,0.0004145088935983499,0.03762796767047153,0.0713211641319451,0.0,0.0,0.0,0.0,62552.85185185185,62065.66666666666,6809.185768975593,70430.33333333333,0.03469201916947498,0.0192359057521701,0.14454434899966195,0.2416842582644516,2
user_002_v1,75301.90909090909,74191.0,16705.878734472757,109868,101223.27272727272,99008.0,16611.97146693257,135485,0.25856383277270983,0.2355887521968365,0.09754765180317658,0.3975111781500835,11549.00913767605,12209.53846153846,2478.334956485004,14080.4375,0.10960495306127976,0.1530014690236802,0.07413320924093597,0.1896805705487416,75301.90909090909,74191.0,16705.878734472757,109868,0.8774847924575738,0.8811118797101977,0.02895108678202702,0.9230087853045814,75301.90909090909,74191.0,16705.878734472757,109868,72714.36363636363,74191.0,20460.794115931705,109868,0.9593944910152303,1.0,0.13467323772388565,1.0,0.09661780013177503,0.0840533218314889,0.09652606505096203,0.3732188814261503,6192.099710895165,6260.454545454545,1418.4448524680179,7847.714285714285,0.1916946689673962,0.1818181818181818,0.07053293991226321,0.3076923076923077,6192.099710895165,6260.454545454545,1418.4448524680179,7847.714285714285,9408.811003213548,8414.237743843309,2674.2699496777573,14367.880316068184,25009.72171732226,24612.566396777525,6460.718625420614,35853.1242685,1.0,1.0,0.0,1.0,34911.181818181816,31227.0,10218.26947988926,52073.0,0.5454545454545454,1.0,0.5222329678670935,1.0,7.924463883779549,11.56838467075636,7.7431097086988165,17.464964184762813,65313.90909090909,68865.0,24837.602804838258,89802.0,0.09476329296663072,0.0487824817518248,0.31899990575092996,0.6406779661016949,1.6148698540002277e-16,-0.0664980937887879,1.0,2.0690974392004544,4.037174635000569e-16,-0.1333539930334213,0.9999999999999999,2.0624720756911925,4.0371746350005693e-17,-0.2355267415583771,0.9999999999999999,1.4244048196847414,5.687697670694271,5.756130153003274,1.1219518486710742,7.316332656371742,0.1042396222632938,0.11049823454253416,0.33461940383860894,0.6406779661016949,0.050894306375696516,0.00584583559606135,0.24120323760429005,0.4465738296611539,0.0,0.0,0.0,0,-0.028558644978090304,-0.0306497010826175,0.11670319962407615,0.082252689575611,0.0,0.0,0.0,0.0,73753.66666666667,73090.33333333333,8654.078619356305,88878.33333333333,0.02719548594624148,0.0711539601680113,0.18653054295675606,0.2893648419383011,0
user_002_v10,72819.54545454546,65598.0,22170.193537105788,110204,96257.36363636363,95593.0,20027.385142712603,133475,0.24882964601027766,0.1872395102252359,0.12843395421410964,0.4250514906177925,8317.084918572016,7967.4375,1933.1179257588747,11524.384615384615,0.17576870210703033,0.2124448519853726,0.11169418825821877,0.3139154913341707,72819.54545454546,65598.0,22170.193537105788,110204,0.9060883340801539,0.9101830095641528,0.037192224217687586,0.9591755846214824,72819.54545454546,65598.0,22170.193537105788,110204,70593.63636363637,65598.0,25182.877727824227,110204,0.9593938177771659,1.0,0.13467547060193996,1.0,0.05524218153354177,0.0159012961560732,0.1072611558462209,0.3732053924877319,4782.515076100371,4216.692307692308,1575.7598109199027,8135.0,0.15653472344648814,0.1428571428571428,0.06915096673549109,0.3076923076923077,4782.515076100371,4216.692307692308,1575.7598109199027,8135.0,7414.466268372968,7135.161019751256,2018.684585479215,11145.927590207728,19611.447612846307,18380.167992344283,5381.832921346792,30426.855180415456,1.0,1.0,0.0,1.0,30045.636363636364,27890.0,8527.698168588371,43602.0,0.6363636363636364,1.0,0.6741998624632421,2.0,10.317547120058691,11.006777917342593,10.984785799609973,28.23352343944053,67325.54545454546,65598.0,31196.850614649025,110204.0,0.13827250735922506,-0.0720898411015643,0.6240216573058107,1.4543227473163778,-7.065055611250996e-17,-0.3257321792188646,1.0,1.6862484525849974,2.0185873175002846e-16,-0.0331727597801441,0.9999999999999999,1.858337276605419,0.0,-0.4795471428245998,0.9999999999999999,1.3720814381665694,6.545964858586788,6.131755653152336,1.8887421600999599,9.549574682154944,0.15209975809514759,-0.10031099205052305,0.6559978889656378,1.4543227473163778,0.03350574006172451,0.0161197857685914,0.41652406875448716,0.87649374384929,0.0,0.0,0.0,0,-0.03732053924877319,0.01059504004756895,0.11958874241285974,0.0412319718351484,0.0,0.0,0.0,0.0,74802.33333333333,73997.33333333333,10188.883758783391,88866.0,0.01044275630931124,-0.0926769997098365,0.2514558305194232,0.4663619304683816,0
user_002_v2,75956.72727272728,73231.0,14820.580697738595,102937,101620.18181818182,93860.0,14724.610119240386,130442,0.2496975223302804,0.2197847858512678,0.11725574088179998,0.4501155036394543,9240.049869322596,8694.944444444445,2132.5155613288657,12448.846153846154,0.11759501718318927,0.1409086643172605,0.07010071396399305,0.2001952859818876,75956.72727272728,73231.0,14820.580697738595,102937,0.9153685228785757,0.9162860907497664,0.03972247086088787,0.9767557070386812,75956.72727272728,73231.0,14820.580697738595,102937,73242.72727272728,73231.0,18845.088946942695,102937,0.9593925338520236,1.0,0.1346797288998961,1.0,0.0790295071727375,0.0445400644715634,0.10180747136183571,0.3732176254956235,5253.82988449459,5141.153846153846,785.4187880913196,6726.0,0.2730444392209098,0.25,0.0797898352531848,0.4375,5253.82988449459,5141.153846153846,785.4187880913196,6726.0,7003.3907170528,6360.091698093925,2181.8177647024263,11763.234774473176,19260.61131860019,17975.326253330706,5027.382531665607,29766.844548946352,0.8181818181818182,1.0,0.40451991747794525,1.0,22724.81818181818,22095.0,14232.827110719654,47303.0,0.7272727272727273,1.0,0.7862453931068966,2.0,8.737808832091861,10.886272059271064,8.868057909175123,23.38867242754403,69299.36363636363,72826.0,27333.067070026107,102937.0,0.04823320519425045,0.0,0.2991511884948305,0.4511532974001268,-4.314730391156858e-16,-0.1839150117203697,1.0,1.82045989138533,-3.532527805625498e-16,-0.5270212083946272,0.9999999999999999,1.957390922300701,-6.055761952500853e-17,-0.2551067969385501,0.9999999999999999,1.709238113221304,4.239284409082486,4.769528551692378,2.418557745661702,7.58015343629189,0.053056525713675494,0.029078177456961354,0.31488185606087143,0.4511532974001268,0.021515713044016983,0.001563928111499649,0.22528166931129268,0.36000505625079,0.0,0.0,0.0,0,-0.029727983958528492,-0.0013250763734745498,0.11642356803984903,0.0759377859103385,0.0,0.0,0.0,0.0,77894.44444444444,80286.66666666667,7110.804619263095,90757.0,-0.00983915785000334,0.0361780625207113,0.17113951027625676,0.272933000272055,0
user_002_v3,89062.36363636363,93062.0,20662.845845975462,115409,91529.63636363637,95000.0,18136.05389423359,119058,0.02802499089256475,0.0,0.13354742703657724,0.3185661347651818,11389.891731137617,8312.09090909091,10168.394444191876,40616.5,0.19688722548393559,0.2317506926676729,0.08949419125334396,0.2856365286748845,89062.36363636363,93062.0,20662.845845975462,115409,0.9400156720685108,0.9464852507047256,0.03666101471987464,1.0,89062.36363636363,93062.0,20662.845845975462,115409,85600.18181818182,93062.0,24243.471776204755,115409,0.9593940886646983,1.0,0.13467457216963458,1.0,0.10798751534203012,0.0478086189842347,0.12516168653507065,0.373209950388797,7847.803976326703,6647.285714285715,4446.841093334495,20308.25,0.43914759482941296,0.5,0.09687144756297673,0.5384615384615384,7847.803976326703,6647.285714285715,4446.841093334495,20308.25,11653.72970026464,8577.117952253187,8375.615505696549,35174.920812810655,31155.263376855986,23712.928212198683,21118.07125497128,90658.09162562132,0.9090909090909091,1.0,0.5393598899705937,2.0,28821.545454545456,29489.0,18913.652150569105,57819.0,1.0,1.0,0.6324555320336759,2.0,25.45007981864074,19.818165748171378,23.79930928646876,84.85999340570773,78570.63636363637,85263.0,32088.396034307254,110566.0,0.12581282788076406,-0.0080108439472945,0.5344618883057289,1.3827714025703062,2.0185873175002846e-16,0.1935665780720802,1.0,1.2750729768798013,-2.119516683375299e-16,0.1913516389288545,1.0,1.5178805597350122,3.027880976250427e-17,-0.2098504742056093,0.9999999999999998,2.175565267858293,4.312536711187072,4.776832053145111,2.401108901409748,7.459627637402989,0.13839411066884047,-0.06536448093833701,0.561652655224637,1.3827714025703062,0.0677424950675836,0.0812022378670095,0.3598349152600387,0.6311729562126598,0.0,0.0,0.0,0,-0.011950356700448556,-0.020838267490055247,0.16754960585175635,0.2537063833843114,0.0,0.0,0.0,0.0,87248.85185185185,85488.66666666667,5039.218381056271,94194.66666666669,0.008291406992385068,0.0363944138806601,0.24755284379525772,0.3120065508054068,0
user_002_v4,65744.63636363637,58013.0,19451.347594820916,99342,90346.72727272728,94135.0,17123.913811339444,112034,0.2826962158151865,0.3077322591269539,0.10360675204450936,0.4092261438727255,8212.385364148982,7340.761904761905,2865.6492015347644,13291.384615384615,0.16811854377423827,0.1916510386581663,0.08774616201603876,0.2788554868905373,65744.63636363637,58013.0,19451.347594820916,99342,0.8780995795241604,0.873799601377061,0.03175900249565834,0.9449691427429228,65744.63636363637,58013.0,19451.347594820916,99342,62586.0,54649.0,20110.00770263403,99342,0.9593942977883946,1.0,0.13467387858479962,1.0,0.07690122815993795,0.0462654922172616,0.10161605478914189,0.3732195197202653,5181.589814730724,5273.909090909091,1548.4797222810498,7095.857142857143,0.5141646232555324,0.5,0.08775974830808,0.6363636363636364,5181.589814730724,5273.909090909091,1548.4797222810498,7095.857142857143,7693.125933851165,6923.905945143252,2726.026215699566,12194.3221146866,20567.841682433056,19121.720981195595,6874.7690813957215,31484.50137223034,1.0,1.0,0.0,1.0,28267.909090909092,24191.0,10755.593321193819,48749.0,0.36363636363636365,0.0,0.504524979109513,1.0,5.346089347747655,0.0,7.566866119815231,18.08009948594181,58161.545454545456,54649.0,26760.35143029193,99342.0,0.12340384346840785,0.0,0.5618218252836896,1.1216603053435117,-2.321375415125327e-16,-0.3974858978765553,1.0,1.7272512083075011,-4.239033366750598e-16,0.2212270377560607,1.0,1.2664904160467931,-3.027880976250427e-17,0.2416449007204852,1.0,1.2212517578312063,5.443290843614555,5.434674200085979,0.9723820087482047,6.870065027883473,0.13574422781524864,-0.025852777288304055,0.5906386632009186,1.1216603053435117,0.06291520465129877,-0.02109285202733185,0.33911488136961915,0.6873548986225042,0.0,0.0,0.0,0,-0.03383692547767305,-0.0143698122063542,0.10324686912956411,0.0626187937369454,0.0,0.0,0.0,0.0,63424.037037037044,64236.0,7191.453978014543,74886.33333333333,0.02923154703890409,-0.0329862677517729,0.27472886429331356,0.412820464199029,0
user_002_v5,63002.454545454544,58718.0,13248.849281078237,87281,93918.45454545454,98249.0,13607.200552381351,117921,0.33175543880205455,0.3323130868893379,0.08101083527680188,0.4158680439024996,8391.693462657757,8371.142857142857,2120.4817047383203,11773.23076923077,0.10464749812900075,0.1415316547046987,0.08271784763350692,0.2458909629189872,63002.454545454544,58718.0,13248.849281078237,87281,0.9279851782196492,0.9378551189045649,0.02961841082936117,0.9753829961408024,63002.454545454544,58718.0,13248.849281078237,87281,60645.27272727273,58718.0,16196.40212572477,87281,0.9593953383486905,1.0,0.13467042743672625,1.0,0.044387901405029795,0.0072396041954099,0.11016187379016,0.3732171156893819,4632.038690476191,4465.538461538462,1022.5761742358345,6234.357142857143,0.1736643258702082,0.1538461538461538,0.07196533905707639,0.3076923076923077,4632.038690476191,4465.538461538462,1022.5761742358345,6234.357142857143,6913.637171320914,6139.314928148111,1693.9959205422083,10311.43035227035,18459.31303311802,16145.259364826274,4098.709526002269,25453.77737120737,0.9090909090909091,1.0,0.30151134457776363,1.0,24668.636363636364,24145.0,10192.696682161471,38682.0,0.6363636363636364,1.0,0.6741998624632421,2.0,10.013026077825968,12.595686517569948,10.094293103181702,24.452573385153123,56874.545454545456,58052.0,23004.706828662853,87281.0,0.03619849214014304,0.0,0.23630543888960623,0.5552586371444932,9.083642928751281e-17,-0.3233831447968484,0.9999999999999999,1.832502199962349,1.1102230246251565e-16,0.3182539595763936,0.9999999999999998,1.7639591157745411,-7.656438614424907e-17,0.0068836234730572,0.9999999999999998,1.0382883328266508,5.5322668587922665,5.648858285308371,2.144573711066466,8.007176001794,0.03981834135415735,0.009693731413331502,0.2487661196500199,0.5552586371444932,0.02714774241707891,0.0315276277621146,0.22754870666271831,0.5253599285963755,0.0,0.0,0.0,0,-0.0365977511493972,0.0,0.11998474926946774,0.042522213216356,0.0,0.0,0.0,0.0,62158.333333333336,61827.66666666666,9754.872012088234,74827.66666666667,0.013524610884381144,-0.0623776842082562,0.1772839100307179,0.3515127388535032,0
user_002_v6,70312.09090909091,75017.0,10995.625088684548,82661,89283.81818181818,91437.0,8935.479671715242,102929,0.20822795885024642,0.1449105209164481,0.1237509818043839,0.445329914648372,11524.766091107034,11793.384615384615,1743.305503821815,13562.25,0.08824214029832624,0.0475678653626638,0.07646773510775985,0.2408154289106926,70312.09090909091,75017.0,10995.625088684548,82661,0.9074394986248621,0.8995131617575105,0.033563184533619915,0.9569789514354348,70312.09090909091,75017.0,10995.625088684548,82661,67180.18181818182,68791.0,13483.717349590073,82661,0.9593954637386676,1.0,0.1346700115652198,1.0,0.06312025922308705,0.0311513289217406,0.10470532856229547,0.373217341699943,6045.2587290235015,5929.8,1365.469968827794,8335.222222222223,0.200247101383465,0.2,0.07759366242231154,0.3333333333333333,6045.2587290235015,5929.8,1365.469968827794,8335.222222222223,10041.768757186765,9180.285540054774,3046.9965820429975,15115.084078165097,26128.79624339703,23975.356794395266,6917.059851693554,37859.2681563302,0.9090909090909091,1.0,0.30151134457776363,1.0,34253.27272727273,36317.0,15365.80614280233,53733.0,0.5454545454545454,1.0,0.5222329678670935,1.0,12.01136179467927,12.608076854741164,13.124178622394293,33.025114515789795,64058.36363636364,75017.0,23917.177861414704,82661.0,0.01703336225698042,-0.0456702329309094,0.27170010660574695,0.7022800624674649,-1.715799219875242e-16,0.4278891880144993,1.0,1.1230747675834445,5.853903220750825e-16,0.2409699196113219,1.0000000000000002,1.527078827270446,-1.6148698540002277e-16,-0.5116520047807434,0.9999999999999998,1.9159601995959776,5.895490122494962,6.435864490439783,2.5304293535282847,8.4589175335444,0.01873669848267846,-0.061365983500695,0.2863351436347482,0.7022800624674649,0.010138100996587017,-0.02186382542766905,0.16527350763330262,0.2854915817917273,0.0,0.0,0.0,0,-0.03336918223732867,-0.0048979978710226,0.11177686935651059,0.0360351628334782,0.0,0.0,0.0,0.0,70726.88888888889,72750.0,5653.523856852467,78458.66666666667,0.0017735025466339245,0.009751443389764,0.16202426033090023,0.2955532312763462,0
user_002_v7,64381.90909090909,66024.0,14789.229367715856,86485,88517.90909090909,90487.0,14387.839667264474,119556,0.276633078012792,0.2836634081074239,0.10461891020793516,0.4320296658426155,7493.950658527151,7652.318181818182,2463.2463553935595,11841.53846153846,0.15251239989349005,0.1482625344739783,0.0870828437126658,0.2825811847161266,64381.90909090909,66024.0,14789.229367715856,86485,0.854906606404887,0.8481051796684904,0.034990128209858404,0.9103356355264752,64381.90909090909,66024.0,14789.229367715856,86485,61988.63636363636,66024.0,17617.58618127198,86485,0.9593947620075887,1.0,0.1346723389439125,1.0,0.10764832740250654,0.0835276689986946,0.09613577711944143,0.3732100441126569,4089.0479569450163,4261.3125,1116.1978016612914,6177.5,0.32575023016199484,0.3333333333333333,0.04616877203145279,0.375,4089.0479569450163,4261.3125,1116.1978016612914,6177.5,6071.904968507177,6192.085304259374,1717.8811122448828,8934.979093028542,16232.857893959368,16392.762535686416,4484.594266785271,24047.458186057083,1.1818181818181819,1.0,0.40451991747794525,2.0,23000.727272727272,20916.0,6698.044193507671,34945.0,0.5454545454545454,1.0,0.5222329678670935,1.0,6.852568200833974,10.728603590716826,6.682246830597498,15.089466834781245,57619.454545454544,61724.0,23935.54411482487,86485.0,0.10672513736075281,0.0472344757380386,0.45884221489479704,1.0192444064066513,1.8167285857502563e-16,0.1110328921313177,0.9999999999999999,1.4945397329045993,1.766263902812749e-16,0.1368579963794724,1.0,2.157244702949356,6.055761952500853e-17,0.0671994200728985,1.0,1.4853585027885037,5.701620491037364,5.613699695418313,1.2728052011529916,8.423681031010874,0.11739765109682809,0.08695026828220236,0.4822208462769467,1.0192444064066513,0.02527846443793791,0.02596840323638965,0.2853502888872178,0.4616411732415471,0.0,0.0,0.0,0,-0.02496938383240111,0.01247604841672275,0.11381496602704784,0.0808470954012404,0.0,0.0,0.0,0.0,64081.51851851851,64434.66666666666,6824.004591861959,74329.33333333333,0.011878626995958784,0.0452568919660572,0.19998856275687119,0.281561685221206,0
user_002_v8,100758.54545454546,106744.0,24465.845979093534,134363,99346.63636363637,101970.0,19047.19500752133,127027,-0.009380763175140193,-0.0018829067372756,0.11242130841684216,0.2892105263157895,10036.266930430364,7977.777777777777,5852.853643163666,26194.88888888889,0.1616293965650086,0.1459398341582191,0.10222737547745453,0.2810324202787575,100758.54545454546,106744.0,24465.845979093534,134363,0.9044999909295737,0.9232556396612456,0.05694437716867091,0.9985943857630184,100758.54545454546,106744.0,24465.845979093534,134363,98016.81818181818,106744.0,29693.828849840775,134363,0.9593968563831577,1.0,0.1346653926859796,1.0,0.06857599947926989,0.0227385359881059,0.10561460720302228,0.3732099222510181,7990.677854342627,7297.285714285715,3106.8049321395106,15206.875,0.48699520176792904,0.5,0.06984746491020973,0.5714285714285714,7990.677854342627,7297.285714285715,3106.8049321395106,15206.875,10581.025810304372,7827.368182643938,6693.185531763289,25738.15969255329,29152.729474951375,22834.73636528788,16230.897557073255,66683.19438510659,0.8181818181818182,1.0,0.40451991747794525,1.0,32319.272727272728,27287.0,25476.886175868938,79246.0,1.0,1.0,0.7745966692414834,2.0,18.75486716540203,15.380845674688963,17.547535222054673,53.14910801641855,89699.0,105309.0,37889.246313433054,134363.0,0.13608173395649678,0.0,0.46337021431547365,0.9901136024906436,-1.0092936587501423e-16,0.244645312921908,1.0,1.373525140891106,-2.523234146875356e-16,0.1377296570611957,0.9999999999999998,1.4532514433455028,4.0371746350005693e-17,0.0666942641341943,1.0,2.65600261814954,3.733379255896829,3.80041782729805,2.277531153068636,7.243606909191047,0.14968990735214643,0.006961319164775451,0.48611264046736835,0.9901136024906436,0.0741819601657884,-0.0274285104072939,0.37784638899950407,0.7480832420591457,0.0,0.0,0.0,0,-0.03718043080140364,-0.01432233244635395,0.12651470623446737,0.0676290494393705,0.0,0.0,0.0,0.0,102694.70370370371,101326.66666666669,9714.816582651883,115790.66666666669,0.011880700630043274,0.0015236115759251,0.23286338014402938,0.312151485854354,0
user_002_v9,76277.09090909091,73045.0,22800.01826075824,116979,103244.54545454546,106455.0,21105.6922339147,129907,0.2642642979933688,0.3304429102162319,0.14574954012244157,0.4223894736842105,9610.15339827242,10122.047619047618,2851.663337708333,13947.0,0.16081072574004887,0.0757715685559186,0.13792665378518468,0.34992917015256,76277.09090909091,73045.0,22800.01826075824,116979,0.8811581506555755,0.8809911698268191,0.05564238053355271,0.9725739469446564,76277.09090909091,73045.0,22800.01826075824,116979,74049.0,73045.0,26064.6827258649,116979,0.9593954967089295,1.0,0.13466990221523167,1.0,0.07050910336304674,0.0360368814959059,0.10350195517516508,0.3732072239534926,6178.2008552054,6557.384615384615,1654.9912468344435,8430.2,0.5315608633790452,0.5454545454545454,0.08880296061348336,0.6363636363636364,6178.2008552054,6557.384615384615,1654.9912468344435,8430.2,7295.471377844576,6728.443502545158,2740.1157209623548,11862.48515952707,20769.143610894553,19680.683396395663,6976.107625173575,32155.17031905414,0.9090909090909091,1.0,0.5393598899705937,2.0,22116.18181818182,23150.0,13923.940949445181,40264.0,0.9090909090909091,1.0,0.7006490497453707,2.0,15.271730626410069,15.063737185982207,12.684540440467938,40.24886873614806,65642.63636363637,71395.0,28488.505862093672,101231.0,0.16088972684093164,0.0231108621051894,0.5153619470242967,1.129562542098269,-1.2111523905001707e-16,-0.1417582596700703,1.0,1.785170021594338,-8.074349270001139e-17,0.1521132076537945,1.0,1.2632826372124717,4.0371746350005693e-17,0.4540570911391393,1.0,1.084910288965602,3.444804976970251,4.3164674972455295,1.7980126610644527,4.818779439044615,0.17697869952502482,0.0404917168833242,0.5403193818663072,1.129562542098269,0.08478157132811082,0.030789115072249698,0.3658505485226486,0.8102028919568339,0.0,0.0,0.0,0,-0.03309688734803308,-0.0014386199221944496,0.11783489639958142,0.0707130005283383,0.0,0.0,0.0,0.0,75341.0,78289.33333333333,13380.479527613681,93742.0,0.02545089261899332,-0.0971977976826362,0.24305568978160622,0.3705218141576322,0
user_003_v1,12172.545454545454,12808.0,2106.599552057123,15000,15000.0,15000.0,0.0,15000,0.1884969696969697,0.1461333333333333,0.14043997013714155,0.469,3423.096841794569,2804.0,1962.7187646204363,8959.0,0.0,0.0,0.0,0.0,12172.545454545454,12808.0,2106.599552057123,15000,0.9733386880014563,1.0,0.06517247673683928,1.0,12172.545454545454,12808.0,2106.599552057123,15000,10819.0,12408.0,4021.331346705964,14180,0.9097636363636364,1.0,0.29928016062788815,1.0,0.0825449101377864,0.0347927160015497,0.11546452866164118,0.3679447852760736,1735.9890987800077,1630.0,828.3736681236672,3959.0,0.06497441951987405,0.0,0.08119750247917079,0.2142857142857142,1735.9890987800077,1630.0,828.3736681236672,3959.0,1420.7000976892327,1302.4227424304293,910.614328330171,4053.5540784189207,4577.389294158473,4221.256865963026,2610.6830345278863,12066.10815683784,0.2727272727272727,0.0,0.4670993664969138,1.0,1045.2727272727273,0.0,1855.0840461234684,4857.0,1.1818181818181819,1.0,0.873862897505303,2.0,18.872681298982272,17.41255394303299,18.19313943688009,63.36942993999861,11362.727272727272,12808.0,4179.442094129528,15000.0,-0.008831965472339337,0.0322372662798194,0.28607206321396045,0.6371625863151287,2.4223047810003414e-16,0.3016494258882833,1.0,1.3421889047177942,0.0,0.0,0.0,0.0,-1.4130111222501992e-16,-0.3016494258882832,1.0,1.9973162200840344,0.9931223959080558,0.0,1.7061168958903958,3.9144100580270793,-0.00971516201957327,0.035917160842350596,0.301530623014462,0.6371625863151287,0.0,0.0,0.0,0.0,0.0,0.0,0.0,0,-0.01969333333333333,-0.029043814064891,0.19953279502405805,0.3679447852760736,0.0,0.0,0.0,0.0,12314.703703703703,12441.666666666666,661.422382370929,13132.0,0.0006162410608078545,0.035882781117731,0.1101075129825245,0.0865157616997639,1
user_003_v10,11842.90909090909,11449.0,1626.0350829269,15000,15000.0,15000.0,0.0,15000,0.21047272727272726,0.2367333333333333,0.10840233886179335,0.3426666666666667,2186.997494424767,2167.0,417.03511267692437,3107.5,0.0,0.0,0.0,0.0,11842.90909090909,11449.0,1626.0350829269,15000,0.958590719057731,1.0,0.07227973711089217,1.0,11842.90909090909,11449.0,1626.0350829269,15000,10489.363636363636,11208.0,3660.019542918515,14050,0.9097636363636364,1.0,0.29928016062788815,1.0,0.11165169453479994,0.1244839857651245,0.09059263084849507,0.2092292089249492,1199.6860422405878,1148.6666666666667,138.82968110520954,1466.0,0.05602781057326511,0.0,0.07210980379617692,0.2142857142857142,1199.6860422405878,1148.6666666666667,138.82968110520954,1466.0,1026.9058200674156,879.7671794287396,358.51357091861684,1716.7809459353075,3253.4976823754187,3145.439192111462,789.7390436599765,4842.133320442044,0.7272727272727273,1.0,0.4670993664969138,1.0,2992.5454545454545,3371.0,2113.0321986962886,5345.0,1.1818181818181819,1.0,0.7507571935295483,2.0,15.476345886046097,14.205571234364632,11.55368231578897,41.85186864738077,10824.0,11449.0,3935.369792027174,15000.0,-0.0070370655255330575,0.0484534239227605,0.2007103111333815,0.3358012170385395,5.147397659625726e-16,-0.2422512866081861,1.0,1.9415884332631217,0.0,0.0,0.0,0.0,-4.5418214643756407e-17,0.2422512866081863,1.0,1.219474974266736,2.500146322635889,2.9443619530089964,1.708364942345857,4.179628554846198,-0.007740772078086364,0.05047354574599025,0.2115529399549532,0.3358012170385395,0.0,0.0,0.0,0.0,0.0,0.0,0.0,0,0.0006225124910778146,-0.03116154492213315,0.15664085730319804,0.2031584582441113,0.0,0.0,0.0,0.0,11666.555555555555,11693.666666666666,469.6702744124512,12321.333333333334,0.0004284473739139434,-0.0179619731884692,0.10314073304165844,0.1402986689752191,1
user_003_v2,12842.727272727272,13315.0,2102.6664543340717,15000,15000.0,15000.0,0.0,15000,0.1438181818181818,0.1123333333333333,0.14017776362227147,0.3427333333333333,2482.779592629593,2500.0,574.7747459823328,3536.5,0.0,0.0,0.0,0.0,12842.727272727272,13315.0,2102.6664543340717,15000,0.977224640783647,1.0,0.06501043342643055,1.0,12842.727272727272,13315.0,2102.6664543340717,15000,11489.181818181818,13292.0,4260.307238173835,15000,0.9097636363636364,1.0,0.29928016062788815,1.0,0.13182952048834637,0.1343665362624135,0.09397325968137973,0.3146179071847361,1310.3300865800866,1257.875,321.9086667654383,1898.857142857143,0.28114562205471294,0.2307692307692307,0.10898422404268238,0.4545454545454545,1310.3300865800866,1257.875,321.9086667654383,1898.857142857143,1173.7128562037633,1128.9338658528177,368.88580493702835,1930.847070112821,3657.7557989876136,3396.9167384518137,1037.8786389112743,5760.551283082785,0.5454545454545454,1.0,0.5222329678670935,1.0,2170.6363636363635,2222.0,2268.0858569607667,6148.0,1.0909090909090908,1.0,0.7006490497453708,2.0,22.1619099611666,20.84228449114614,15.925096034811338,50.464253954226216,11632.272727272728,13292.0,4390.984652464846,15000.0,0.020583738951725352,-0.0232666666666666,0.2687388414305279,0.4594279042615294,3.0026486347816734e-16,0.2246065828934812,1.0000000000000002,1.0259700119465456,0.0,0.0,0.0,0.0,5.0464682937507114e-17,-0.2246065828934809,0.9999999999999999,1.419020723223664,1.7494234992085202,2.882733333333334,1.6858911748744283,3.685733333333335,0.022642112846897888,-0.0572274907287329,0.2831841940021975,0.4594279042615294,0.0,0.0,0.0,0.0,0.0,0.0,0.0,0,-0.01768056577794469,-0.0046935298171616995,0.12112202409423145,0.1802513709223226,0.0,0.0,0.0,0.0,12675.962962962964,12785.0,1014.6927072387267,14322.0,0.016392390408238953,0.0338605133523464,0.13979790878800938,0.2483701833717092,1
user_003_v3,15084.636363636364,15000.0,242.6067899821738,15814,15000.0,15000.0,0.0,15000,-0.0056424242424242274,0.0,0.016173785998811564,0.0,4029.178473042109,3755.75,1127.689237150254,6000.0,0.0,0.0,0.0,0.0,15084.636363636364,15000.0,242.6067899821738,15814,0.9787926961533892,1.0,0.06491537962886093,1.0,15084.636363636364,15000.0,242.6067899821738,15814,12471.818181818182,15000.0,4783.387666041334,15046,0.8276033067623768,1.0,0.3203899024545137,1.0,0.15067416928405125,0.1035333333333333,0.16105819006453878,0.5051333333333333,2561.625541125541,2507.333333333333,811.6290291522897,3750.0,0.6707070707070707,0.6666666666666666,0.23198114148724722,1.0,2561.625541125541,2507.333333333333,811.6290291522897,3750.0,2234.4195765134614,2152.178687293603,841.829701978722,3860.8749656004143,7030.464694152464,6453.785946015778,2409.6235559750153,11471.74993120083,0.18181818181818182,0.0,0.4045199174779453,1.0,958.1818181818181,0.0,2212.1628700519236,6591.0,0.9090909090909091,1.0,0.7006490497453707,2.0,29.89567881066713,41.08666666666667,21.33107741293717,53.66167335982647,13721.0,15000.0,4557.116698088826,15814.0,0.00024151146399618246,0.0,0.02309917815742998,0.0542666666666666,-1.3272211612564372e-15,-0.3488623036584543,0.9999999999999997,3.0063611839438957,0.0,0.0,0.0,0.0,-2.5232341468753557e-17,0.3488623036584525,0.9999999999999999,0.3488623036584525,0.6138299743413129,0.0,1.3726892357499156,3.685733333333335,0.0002656626103958007,0.0,0.02434852529169075,0.0542666666666666,0.0,0.0,0.0,0.0,0.0,0.0,0.0,0,-0.01969333333333333,-0.06553204821412739,0.2736383473595739,0.5051333333333333,0.0,0.0,0.0,0.0,15103.444444444445,15015.333333333334,133.72453028520934,15286.666666666666,1.8813639462220876e-06,-0.0005996402158704,0.015284150897857701,0.0355349893045793,1
user_003_v4,11950.363636363636,11473.0,1783.187049791876,15000,15000.0,15000.0,0.0,15000,0.20330909090909088,0.2351333333333333,0.1188791366527917,0.3547333333333333,2124.0339467815543,2243.5454545454545,429.62460711404367,3017.777777777778,0.0,0.0,0.0,0.0,11950.363636363636,11473.0,1783.187049791876,15000,0.970987610403105,1.0,0.06739229614521675,1.0,11950.363636363636,11473.0,1783.187049791876,15000,10596.818181818182,11237.0,3775.1141921319895,15000,0.9097636363636364,1.0,0.29928016062788815,1.0,0.29073953130139407,0.2184109928711644,0.19164239027714433,0.6553831231813773,1450.7583530106256,1500.0,310.2942445691987,1935.8,0.6818772136953956,0.7142857142857143,0.20051033400205004,1.0,1450.7583530106256,1500.0,310.2942445691987,1935.8,1112.1539415888226,1075.2833134023947,383.44799667498154,2013.5622814366805,3675.066236188271,3678.93995070389,915.5837890748201,5632.410277159075,0.45454545454545453,0.0,0.5222329678670935,1.0,1793.6363636363637,0.0,2115.545663545331,4821.0,1.0,1.0,0.6324555320336759,2.0,20.527411786969527,18.5300273222038,14.942881869344445,51.962572672855984,10586.727272727272,11237.0,3805.9680001521056,15000.0,0.016700202955662238,0.0135690789473684,0.1831070823159152,0.2425609521981186,2.0185873175002846e-16,-0.2677025028974674,1.0,1.710216751513702,0.0,0.0,0.0,0.0,-4.0371746350005693e-17,0.2677025028974676,1.0,1.2737663368678782,1.3554226812189372,0.0,1.6163939270945633,3.685733333333335,0.018370223251228463,0.0517408925289703,0.1929234878522908,0.2425609521981186,0.0,0.0,0.0,0.0,0.0,0.0,0.0,0,-0.00219333333333335,0.04912093715360495,0.23626958269567647,0.2579734869255391,0.0,0.0,0.0,0.0,11568.814814814814,11497.333333333334,760.0963044084,13161.666666666666,0.023200774670736113,0.0082270290256979,0.07372290531219594,0.1396732936558187,1
user_003_v5,12708.181818181818,13033.0,1753.3220935231393,15311,15000.0,15000.0,0.0,15000,0.15278787878787875,0.1311333333333333,0.11688813956820925,0.3308666666666666,2203.177207136298,2086.4166666666665,723.3403329631992,4260.666666666667,0.0,0.0,0.0,0.0,12708.181818181818,13033.0,1753.3220935231393,15311,0.9360076829466945,0.9701682242990656,0.07605520867559455,1.0,12708.181818181818,13033.0,1753.3220935231393,15311,11036.454545454546,11974.0,4049.6091506128428,15311,0.882965142261904,1.0,0.29635879343672283,1.0,0.10868361859551179,0.1025986372999524,0.09954863307657796,0.2782695840988809,1277.9723599632691,1184.8181818181818,243.52326900604913,1760.6666666666667,0.06435786435786435,0.0,0.08375588602372891,0.2142857142857142,1277.9723599632691,1184.8181818181818,243.52326900604913,1760.6666666666667,1011.4977308369797,1041.7388774970862,205.5949105997272,1291.6902118177504,3300.967821637228,3329.296303134207,542.7688673028329,4016.083935561757,0.5454545454545454,1.0,0.5222329678670935,1.0,2050.7272727272725,2164.0,2058.398119456442,4650.0,0.9090909090909091,1.0,0.8312094145936334,2.0,12.186414336357613,11.092259227137516,10.861377043581331,26.87635813478744,11316.272727272728,12622.0,4051.5810022979695,15000.0,0.026739096777347645,0.0,0.24258788150986074,0.5254558134900866,8.074349270001139e-17,0.1852587057552499,0.9999999999999999,1.4845065783595175,0.0,0.0,0.0,0.0,1.4130111222501992e-16,-0.1852587057552498,1.0000000000000002,1.523497495439828,1.7720403280419283,2.4002535255902395,1.7546196549958275,3.924652804419551,0.029413006455082408,0.024270522936002,0.25553915232271535,0.5254558134900866,0.0,0.0,0.0,0.0,0.0,0.0,0.0,0,-0.009778892735070646,-0.05753060074700435,0.16631105445021327,0.2782695840988809,0.0,0.0,0.0,0.0,12520.555555555555,12485.666666666666,406.38405480530344,12925.0,0.011745745780318314,0.0105973274057225,0.11649639290732859,0.1861942514784495,1
user_003_v6,11658.818181818182,12026.0,1893.3362521317663,15000,15000.0,15000.0,0.0,15000,0.22274545454545452,0.1982666666666666,0.12622241680878443,0.4432,4045.844385412567,3423.0,2341.2122791459487,9332.333333333334,0.0,0.0,0.0,0.0,11658.818181818182,12026.0,1893.3362521317663,15000,0.9803333333333334,1.0,0.06522695421032289,1.0,11658.818181818182,12026.0,1893.3362521317663,15000,10057.181818181818,10652.0,3615.5938327799436,12997,0.8892192002842833,1.0,0.29543769362842826,1.0,0.1584274478576601,0.1093109869646182,0.15908454631715324,0.4586932031543372,1905.0652597402595,1581.25,943.5695462754164,4332.333333333333,0.12489177489177487,0.1,0.13764855358581563,0.3333333333333333,1905.0652597402595,1581.25,943.5695462754164,4332.333333333333,1731.8335421849627,1396.4601173592464,1143.488006688764,4696.244906542058,5368.732344110185,4275.045234718493,3194.9839499000054,13724.82314641745,0.18181818181818182,0.0,0.40451991747794525,1.0,649.6363636363636,0.0,1455.0982284868105,3949.0,1.1818181818181819,1.0,0.9816498172140428,3.0,16.371168537858647,14.718874153533624,14.180892059777424,38.98726065584242,10580.90909090909,12026.0,3986.9188467924814,15000.0,0.003238044737933846,-0.0151810042818217,0.2334280617206892,0.4503961611427296,-1.0092936587501423e-16,0.1939337599268997,1.0000000000000002,1.7647059862820866,0.0,0.0,0.0,0.0,-1.2868494149064315e-16,-0.1939337599269002,1.0,1.7465562063235898,0.6056778059928899,0.0,1.3568421274808764,3.685733333333335,0.0035618492117272305,-0.0203298791442806,0.24605217751970176,0.4503961611427296,0.0,0.0,0.0,0.0,0.0,0.0,0.0,0,-0.003399161114390925,-0.041262584484193496,0.2737010606214442,0.4586932031543372,0.0,0.0,0.0,0.0,11411.851851851852,11328.0,1078.6911965575987,12861.666666666666,-0.0019293615019390434,-0.0012958403524685,0.11930024356543055,0.1956761729530818,1
user_003_v7,14157.272727272728,14606.0,1274.1571403017049,15772,15000.0,15000.0,0.0,15000,0.05618181818181816,0.0262666666666666,0.08494380935344696,0.2173333333333333,2490.3016824085007,2307.692307692308,680.9333600515882,4098.142857142857,0.0,0.0,0.0,0.0,14157.272727272728,14606.0,1274.1571403017049,15772,0.9546673591750039,0.9716666666666668,0.06210031007203952,1.0,14157.272727272728,14606.0,1274.1571403017049,15772,12803.727272727272,14560.0,4389.412422885531,15772,0.9097636363636364,1.0,0.29928016062788815,1.0,0.12229417509394723,0.0920259987317691,0.10101232088313337,0.3678673193541316,1329.9057790694153,1363.6363636363635,313.0021394174152,1955.2857142857144,0.23542871270143995,0.25,0.10728550804526046,0.3636363636363636,1329.9057790694153,1363.6363636363635,313.0021394174152,1955.2857142857144,1359.4034413007457,1348.297023621029,267.9681385974058,1726.4276976002564,4048.7126616709065,3881.909578233232,771.7534688953577,5252.497993822251,0.8181818181818182,1.0,0.40451991747794525,1.0,3939.5454545454545,5004.0,2068.451467336682,5877.0,1.0,1.0,1.0954451150103321,3.0,12.655345147782926,10.214048835888695,15.132061490721966,45.50512798032196,13010.363636363636,14606.0,4470.103002677393,15772.0,-0.005678477647727462,-0.0262666666666666,0.149184242090726,0.2776831345826235,-4.844609562000683e-16,0.3521757705811851,0.9999999999999997,1.2672905261472884,0.0,0.0,0.0,0.0,-4.0371746350005693e-17,-0.3521757705811862,0.9999999999999998,1.8971543232888424,3.1467658523872304,3.685733333333335,1.6840008279043233,4.90995561192137,-0.006246325412500209,-0.0376070842843858,0.1572414672698607,0.2776831345826235,0.0,0.0,0.0,0.0,0.0,0.0,0.0,0,-0.01049073346015641,0.0106538728376466,0.17164516912701724,0.3141585281453404,0.0,0.0,0.0,0.0,14161.185185185186,14103.0,585.001450879281,14868.666666666666,-0.011034194184423465,0.0088328924359951,0.07995167098609955,0.0781025395304264,1
user_003_v8,14976.0,15000.0,56.45706333134953,15000,15000.0,15000.0,0.0,15000,0.001599999999999991,0.0,0.0037638042220899445,0.0115333333333333,5296.799783549784,5000.0,2654.562405865262,10000.0,0.0,0.0,0.0,0.0,14976.0,15000.0,56.45706333134953,15000,0.9803333333333334,1.0,0.06522695421032289,1.0,14976.0,15000.0,56.45706333134953,15000,10925.90909090909,14827.0,5823.851688608587,15000,0.7299561334723585,1.0,0.38933294061664186,1.0,0.13489199913923425,0.0,0.23854296876315492,0.6994432892883493,3074.922799422799,3000.0,1301.7400946520886,5000.0,0.5924603174603175,0.6666666666666666,0.25687050783991144,1.0,3074.922799422799,3000.0,1301.7400946520886,5000.0,3715.754292999909,3110.340093944712,2247.9429949145074,6804.135997073153,10506.431385422618,9970.680187889424,5590.686445651569,18608.271994146307,0.2727272727272727,0.0,0.4670993664969138,1.0,2136.909090909091,0.0,4245.251522690864,13215.0,0.8181818181818182,1.0,0.6030226891555273,2.0,34.77826524725225,29.92,31.78006542858958,81.24508015292776,13612.363636363636,15000.0,4515.056240463175,15000.0,1.559990035471816e-05,0.0,0.005858452108420852,0.0116679031496594,0.0,0.4251018133752851,0.9999999999999981,0.4251018133752851,0.0,0.0,0.0,0.0,-3.027880976250427e-17,-0.4251018133752854,1.0,2.639173758038239,1.1231030303030305,0.0,1.977172005188474,5.286,1.7159890390189973e-05,0.0,0.006175348333621235,0.0116679031496594,0.0,0.0,0.0,0.0,0.0,0.0,0.0,0,-0.01969333333333333,0.0,0.36823268052560154,0.6994432892883493,0.0,0.0,0.0,0.0,14977.074074074073,14969.666666666666,24.18894247939753,15000.0,0.0008576180526121222,0.0,0.0024444927547288,0.0038592812367545,1
user_003_v9,11881.818181818182,12290.0,1899.3374012103177,15000,15000.0,15000.0,0.0,15000,0.20787878787878783,0.1806666666666666,0.12662249341402118,0.4122666666666666,2234.503378413187,2142.8571428571427,512.6941795986364,3115.75,0.0,0.0,0.0,0.0,11881.818181818182,12290.0,1899.3374012103177,15000,0.9602037317051085,0.9812992125984252,0.061847836032078385,1.0,11881.818181818182,12290.0,1899.3374012103177,15000,10528.272727272728,11176.0,3804.6154888742462,13905,0.9097636363636364,1.0,0.29928016062788815,1.0,0.18907612786324143,0.1969333333333333,0.08673997088407677,0.3386333669433026,1426.3520923520923,1505.111111111111,232.09819362835873,1776.3333333333333,0.6975108225108225,0.75,0.21061928708602867,1.0,1426.3520923520923,1505.111111111111,232.09819362835873,1776.3333333333333,1165.1549924575866,1128.9338658528177,254.39887639054535,1726.2345090534234,3756.6620772672654,3846.978636436325,617.2201572771215,4885.024573662402,0.45454545454545453,0.0,0.5222329678670935,1.0,1922.5454545454545,0.0,2338.721931467542,6126.0,0.8181818181818182,0.0,0.9816498172140428,2.0,14.031620939276614,0.0,18.79775337529701,52.62435564127749,10979.454545454546,12290.0,4055.4943314875036,15000.0,-0.013895074667851571,-0.1327908868999186,0.235812299140818,0.4624546279491833,-8.074349270001139e-17,0.2149074819048536,0.9999999999999999,1.6417208528589045,0.0,0.0,0.0,0.0,4.0371746350005693e-17,-0.2149074819048539,0.9999999999999998,1.6141514297904869,1.5225555367689727,0.0,1.7936012594195998,4.276273947103079,-0.015284582134636729,-0.15291047188212825,0.2485205164458837,0.4624546279491833,0.0,0.0,0.0,0.0,0.0,0.0,0.0,0,-0.010898249714554376,-0.006401439582576995,0.13081691823747724,0.2100036028779669,0.0,0.0,0.0,0.0,11742.407407407409,11593.333333333334,861.8191963286117,12875.666666666666,-0.020861407071651954,-0.0348345810190774,0.13860414499710502,0.1761897521666414,1
